Symbol,Date,Open,High,Low,Close,Volume
ADDA,23-Jul-2020,-33,23,-81,-78,0
ADDC,23-Jul-2020,22,22,-44,-23,0
ADDE,23-Jul-2020,-91,572,-886,-886,0
ADDN,23-Jul-2020,25,626,-434,-157,0
ADDQ,23-Jul-2020,-229,733,-833,-639,0
ADDS,23-Jul-2020,-52,-31,-578,-565,0
ADDT,23-Jul-2020,-237,1297,-1334,-874,0
ADDU,23-Jul-2020,42,68,-543,-464,0
ADDV,23-Jul-2020,82,82,-158,-143,0
ADDX,23-Jul-2020,52,52,-773,-731,0
ADRA,23-Jul-2020,0.64,1.28,0.4,0.4,0
ADRC,23-Jul-2020,1.44,1.44,0.73,0.84,0
ADRE,23-Jul-2020,0.87,1.9,0.42,0.43,0
ADRN,23-Jul-2020,1.02,1.99,0.62,0.84,0
ADRQ,23-Jul-2020,0.81,1.81,0.51,0.6,0
ADRS,23-Jul-2020,0.88,0.95,0.48,0.49,0
ADRT,23-Jul-2020,0.89,1.78,0.55,0.68,0
ADRU,23-Jul-2020,1.05,1.06,0.76,0.8,0
ADRV,23-Jul-2020,1.46,1.46,0.67,0.7,0
ADRX,23-Jul-2020,1.07,1.07,0.56,0.58,0
ADVA,23-Jul-2020,60,103,54,54,270357200
ADVC,23-Jul-2020,72,128,72,123,29030500
ADVE,23-Jul-2020,622,1203,601,672,801741100
ADVN,23-Jul-2020,912,1254,726,858,1713783000
ADVQ,23-Jul-2020,1021,1635,869,974,1865086000
ADVS,23-Jul-2020,383,667,383,564,105218100
ADVT,23-Jul-2020,1993,2944,1654,1886,3849226000
ADVU,23-Jul-2020,872,1968,872,1961,3081091000
ADVV,23-Jul-2020,260,351,260,340,129488100
ADVX,23-Jul-2020,715,1096,715,1027,263736700
ASHD,23-Jul-2020,82,1387,82,1348,0
ASHF,23-Jul-2020,-24,496,-813,-719,0
ASHR,23-Jul-2020,0.7,1.76,0.41,0.46,0
ASHU,23-Jul-2020,58,1147,58,629,0
AVDA,23-Jul-2020,3.22,64.93,-6.73,14.24,0
AVDC,23-Jul-2020,1.2,5.31,-10.36,5.31,0
AVDE,23-Jul-2020,-7.56,137.4,-376.29,-272.17,0
AVDN,23-Jul-2020,5.06,568.83,-885.52,-691.12,0
AVDQ,23-Jul-2020,27.5,390.84,-564.85,-310.63,0
AVDS,23-Jul-2020,-4.94,-4.94,-211.71,-211.28,0
AVDT,23-Jul-2020,35.79,893.83,-1457.11,-987.52,0
AVDU,23-Jul-2020,97.58,1351.55,84.14,1014.11,0
AVDV,23-Jul-2020,9.97,33.02,1.05,14.1,0
AVDX,23-Jul-2020,6.23,6.78,-196.35,-191.87,0
AVLD,23-Jul-2020,1.3,1110.72,1.3,1094.73,0
AVLF,23-Jul-2020,-0.06,226.32,-362.31,-234.45,0
AVLR,23-Jul-2020,0.94,2.72,0.6,0.78,0
AVLU,23-Jul-2020,1.23,883.2,1.23,860.27,0
AVRA,23-Jul-2020,1.11,1.6,0.96,1.05,0
AVRC,23-Jul-2020,1.84,1.84,0.7,1.22,0
AVRE,23-Jul-2020,0.77,1.64,0.62,0.74,0
AVRN,23-Jul-2020,1.07,1.78,0.5,0.71,0
AVRQ,23-Jul-2020,1.28,1.68,0.66,0.85,0
AVRS,23-Jul-2020,0.54,0.78,0.3,0.33,0
AVRT,23-Jul-2020,1.18,1.5,0.6,0.79,0
AVRU,23-Jul-2020,1.78,3.56,1.03,1.49,0
AVRV,23-Jul-2020,2.53,2.53,1,1.12,0
AVRX,23-Jul-2020,1.33,1.33,0.57,0.57,0
AVVA,23-Jul-2020,31.65,274.65,31.65,270.35,0
AVVC,23-Jul-2020,2.62,29.95,2.62,29.03,0
AVVE,23-Jul-2020,25.91,801.74,25.91,801.74,0
AVVN,23-Jul-2020,75.5,1713.78,75.5,1713.78,0
AVVQ,23-Jul-2020,122.99,1865.08,122.99,1865.08,0
AVVS,23-Jul-2020,5.85,105.22,5.85,105.21,0
AVVT,23-Jul-2020,230.15,3849.22,230.15,3849.22,0
AVVU,23-Jul-2020,222.26,3189.05,222.26,3081.09,0
AVVV,23-Jul-2020,16.48,129.5,16.48,129.48,0
AVVX,23-Jul-2020,24.96,263.96,24.96,263.73,0
BANK,23-Jul-2020,2663.73,2731.13,2662.71,2719.62,0
BCMA,23-Jul-2020,1705,2602,1439,1674,0
BCMC,23-Jul-2020,100.14,100.41,99.18,99.47,0
BCMD,23-Jul-2020,1940,2515,1318,2282,0
BCME,23-Jul-2020,205,281,161,181,0
BCMF,23-Jul-2020,209,376,209,355,0
BCMG,23-Jul-2020,41,41,24,33,0
BCMM,23-Jul-2020,100.08,100.81,99.29,99.73,0
BCMU,23-Jul-2020,151,151,43,81,0
BDMA,23-Jul-2020,1920,2008,1920,2008,0
BDMC,23-Jul-2020,100.57,100.58,100.43,100.45,0
BDMD,23-Jul-2020,1813,1944,1813,1944,0
BDME,23-Jul-2020,223,271,223,271,0
BDMF,23-Jul-2020,207,260,207,260,0
BDMG,23-Jul-2020,25,37,25,37,0
BDMM,23-Jul-2020,100.16,100.16,100.13,100.13,0
BDMU,23-Jul-2020,63,85,63,85,0
BFMA,23-Jul-2020,1383,1484,1383,1484,0
BFMC,23-Jul-2020,99.57,99.73,99.57,99.71,0
BFMD,23-Jul-2020,2345,2471,2345,2471,0
BFME,23-Jul-2020,147,203,147,203,0
BFMF,23-Jul-2020,271,323,271,323,0
BFMG,23-Jul-2020,31,36,31,36,0
BFMM,23-Jul-2020,99.67,99.7,99.67,99.69,0
BFMU,23-Jul-2020,68,82,68,82,0
BGMA,23-Jul-2020,393,449,393,449,0
BGMC,23-Jul-2020,98.35,98.67,98.35,98.67,0
BGMD,23-Jul-2020,3381,3550,3381,3550,0
BGME,23-Jul-2020,72,116,72,116,0
BGMF,23-Jul-2020,358,418,358,418,0
BGMG,23-Jul-2020,12,19,12,19,0
BGMM,23-Jul-2020,96.83,96.92,96.83,96.92,0
BGMU,23-Jul-2020,19,35,19,35,0
BKX,23-Jul-2020,74.55,76.28,74.44,75.88,0
BWH,23-Jul-2020,197.59,198.15,194.82,195.74,0
BXD,23-Jul-2020,305.09,305.24,302.39,303.12,0
BXM,23-Jul-2020,1329.21,1330.27,1318.63,1321.77,0
BXN,23-Jul-2020,665.7,666.45,656.45,658.07,0
CASH,23-Jul-2020,1,1,1,1,0
CEX,23-Jul-2020,651.57,659.1,649.12,653.15,0
COMP,23-Jul-2020,10689.5,10728.12,10407.87,10461.42,0
CPR,23-Jul-2020,2.9265,2.954,2.899,2.9385,72710
DCFD,23-Jul-2020,67.18,78.12,50,56.25,0
DCFI,23-Jul-2020,81.25,90.62,73.43,79.68,0
DCOF,23-Jul-2020,87.5,92.18,79.68,87.5,0
DCOH,23-Jul-2020,57.81,60.93,56.25,57.81,0
DCSE,23-Jul-2020,41076.98,41374.78,40001.02,40305.81,0
DCTH,23-Jul-2020,50,50,46.87,46.87,0
DCTW,23-Jul-2020,82.81,93.75,78.12,79.68,0
DDA,23-Jul-2020,27.53,37.23,26.38,27.86,0
DDB,23-Jul-2020,25.72,26.84,16.03,26.3,0
DECA,23-Jul-2020,93,135,80,132,256112700
DECC,23-Jul-2020,50,164,50,146,23719300
DECE,23-Jul-2020,713,1558,620,1558,1073913000
DECN,23-Jul-2020,887,1160,628,1015,2404913000
DECQ,23-Jul-2020,1250,1702,902,1613,2175723000
DECS,23-Jul-2020,435,1132,435,1129,316504300
DECT,23-Jul-2020,2230,2988,1647,2760,4836748000
DECU,23-Jul-2020,830,2465,830,2425,2066973000
DECV,23-Jul-2020,178,491,178,483,115385200
DECX,23-Jul-2020,663,1778,663,1758,455608800
DIFD,23-Jul-2020,76.66,83.33,46.66,53.33,0
DIFI,23-Jul-2020,90,93.33,80,83.33,0
DIOF,23-Jul-2020,96.66,96.66,86.66,96.66,0
DIOH,23-Jul-2020,63.33,63.33,63.33,63.33,0
DITH,23-Jul-2020,53.33,53.33,50,50,0
DITW,23-Jul-2020,90,93.33,76.66,76.66,0
DIVQ,23-Jul-2020,3443.84,3476.87,3383.96,3391.56,0
DJC,23-Jul-2020,8754.07,8770.23,8663.11,8694.92,808796300
DJEC,23-Jul-2020,1624.56,1633.77,1578.32,1590.99,0
DJI,23-Jul-2020,26955.97,26973.85,26560.04,26652.33,426562000
DJT,23-Jul-2020,9775.72,9811.85,9718.77,9763.69,286563600
DJU,23-Jul-2020,830.04,837.08,826.15,830.7,95670600
DJWO,23-Jul-2020,423.99,425.03,420.11,421.35,0
DJX,23-Jul-2020,269.56,269.74,265.6,266.52,0
DLTC,23-Jul-2020,2730.71,2745.95,2646.95,2656.37,0
DOWE,23-Jul-2020,1535.72,1549.73,1528.92,1533.2,0
DRCI,23-Jul-2020,248.67,250.2,245.49,248.18,0
DREI,23-Jul-2020,347.21,349.37,342.8,346.65,0
DSAE,23-Jul-2020,1221.72,1232.46,1205.07,1210.28,50355900
DSAF,23-Jul-2020,981.08,987.22,976.28,979.77,4668000
DSAG,23-Jul-2020,186.53,187.85,185.51,186.44,26147800
DSAI,23-Jul-2020,676.94,685.04,675.98,679.36,9488200
DSAL,23-Jul-2020,40.99,41.5,39.56,39.84,6372700
DSAM,23-Jul-2020,2244.24,2272.47,2231.01,2240.06,41334500
DSAP,23-Jul-2020,544.98,547.72,504.3,511.69,143484300
DSAR,23-Jul-2020,127.58,135.93,125.52,130.59,289720000
DSAS,23-Jul-2020,1149.08,1165.72,1134.27,1139.1,45166200
DSAT,23-Jul-2020,412.84,416.06,408.89,412.28,11930400
DSAU,23-Jul-2020,438.17,440.93,398.93,405.6,128760400
DSAV,23-Jul-2020,472.05,476.07,463.83,466.83,19526300
DSBC,23-Jul-2020,1427.7,1431,1408.89,1418.13,94485800
DSBD,23-Jul-2020,1048.95,1060.83,1044.5,1050.53,29089800
DSBE,23-Jul-2020,127.74,130.22,127.74,128.62,2620100
DSBK,23-Jul-2020,340.15,345.72,338.73,344.24,277343100
DSBM,23-Jul-2020,393.74,398.55,391.98,394.51,98721900
DSBS,23-Jul-2020,185.04,187.69,183.06,184.7,57102100
DSBT,23-Jul-2020,2537.09,2550.88,2495.45,2503.4,78584500
DSBV,23-Jul-2020,780.33,784.1,777.98,781.34,29194200
DSCA,23-Jul-2020,593.4,596.01,581.36,586.31,44909700
DSCC,23-Jul-2020,528.47,536.12,528.26,530.75,17033900
DSCF,23-Jul-2020,287.74,294.28,283.91,286.49,47871600
DSCG,23-Jul-2020,1010.13,1015.07,994.63,1002.01,488570700
DSCH,23-Jul-2020,646.17,653.85,644.21,647.99,41619800
DSCL,23-Jul-2020,5.33,5.79,5.24,5.71,1532000
DSCM,23-Jul-2020,624.21,630.36,620.33,622.39,15602100
DSCN,23-Jul-2020,778.53,787.94,775.89,780.24,33656700
DSCP,23-Jul-2020,380.66,383.7,378.39,380.25,20006400
DSCR,23-Jul-2020,4847.44,4847.75,4615.07,4654.35,90698500
DSCS,23-Jul-2020,1710.47,1738.43,1694.05,1705.35,16871600
DSCT,23-Jul-2020,1257.33,1276.08,1254.09,1267.2,53645600
DSCX,23-Jul-2020,904.22,912.92,898.57,905.19,24585800
DSCY,23-Jul-2020,1264.82,1264.82,1234.63,1242.11,791883900
DSDB,23-Jul-2020,565.88,581.56,562.18,565.36,2262500
DSDN,23-Jul-2020,433.75,435.07,427.48,429.36,5189600
DSDR,23-Jul-2020,717.55,719.9,711.84,713.89,20084000
DSDS,23-Jul-2020,384.75,390.84,381.24,385.85,10096000
DSDT,23-Jul-2020,55.8,56.33,54.51,55.3,16354700
DSDV,23-Jul-2020,163.1,164.34,161.39,161.75,17481400
DSEC,23-Jul-2020,355.89,361.42,355.45,360.24,20385800
DSEE,23-Jul-2020,446.69,452.75,446.13,450.01,29874100
DSEH,23-Jul-2020,42.16,42.87,41.96,42.73,299100
DSEN,23-Jul-2020,312.13,313.36,307.97,311.8,288781900
DSES,23-Jul-2020,209.63,211.78,206.7,208.05,2249900
DSEU,23-Jul-2020,286.69,289.4,285.44,287.08,109480400
DSFA,23-Jul-2020,682.3,690.31,668.53,672.9,42785700
DSFB,23-Jul-2020,633.19,638.14,633.18,636.02,73780000
DSFC,23-Jul-2020,137.04,137.08,134.49,136.13,51490800
DSFD,23-Jul-2020,537.5,539.77,532.8,534.61,13063600
DSFE,23-Jul-2020,668.25,676.75,668.25,672.21,20988300
DSFH,23-Jul-2020,245.76,249.03,242.26,245.6,3243000
DSFI,23-Jul-2020,1161.63,1169.51,1150.7,1154.83,141223200
DSFN,23-Jul-2020,562.76,566.89,559.8,563.49,696400400
DSFO,23-Jul-2020,388.79,393.14,388.57,391.81,44585800
DSFP,23-Jul-2020,537.95,543.97,537.65,542.12,44585800
DSFR,23-Jul-2020,97.29,99.09,96.89,97.61,539500
DSFT,23-Jul-2020,1791.02,1816.63,1772.02,1782.54,9117300
DSFV,23-Jul-2020,610.61,616.1,607.81,611.38,0
DSGF,23-Jul-2020,1302.24,1311.08,1289.99,1294.62,141223200
DSGI,23-Jul-2020,403.97,405.91,401.94,403.44,97343700
DSGT,23-Jul-2020,2085.99,2085.99,2023.16,2035.47,162657100
DSGU,23-Jul-2020,266.25,267.08,264.61,266.8,7753400
DSHB,23-Jul-2020,1067.98,1102.19,1036.73,1052.95,20898000
DSHC,23-Jul-2020,1177.23,1183.92,1164.89,1168.8,263177300
DSHD,23-Jul-2020,237.54,245.15,237.54,242.31,7686400
DSHG,23-Jul-2020,806.29,815.14,802.79,806.05,42305600
DSHI,23-Jul-2020,559.82,560.33,547.28,551.52,8010800
DSHL,23-Jul-2020,52.1,52.52,51.25,52.45,31039000
DSHN,23-Jul-2020,1024.96,1033.66,1021.22,1025.12,10478000
DSHP,23-Jul-2020,2218.68,2241.41,2204.37,2213.11,30894300
DSHR,23-Jul-2020,2077.41,2098.7,2073.08,2083.98,14911600
DSHV,23-Jul-2020,387.42,395.06,387.42,390.38,4566800
DSIB,23-Jul-2020,426.75,428.71,423.64,425.67,3138400
DSID,23-Jul-2020,422.25,424.72,420.15,421.66,77337300
DSIF,23-Jul-2020,32.19,32.66,31.9,32.3,7051900
DSIG,23-Jul-2020,825.69,830.6,819.11,822.16,312124300
DSIL,23-Jul-2020,588.94,600.24,588.94,596.07,20788900
DSIM,23-Jul-2020,159.56,162.96,157.53,158.81,44437300
DSIN,23-Jul-2020,770.77,775.71,764.93,767.89,345781000
DSIO,23-Jul-2020,105.37,106.79,104.89,105.7,35676800
DSIP,23-Jul-2020,825.63,832.25,823.56,826.81,23583500
DSIQ,23-Jul-2020,2015.99,2039.1,2015.74,2025.39,35899900
DSIR,23-Jul-2020,585.44,589.98,584.74,588.3,61649800
DSIS,23-Jul-2020,715.45,723.67,706.56,709.73,73845800
DSIT,23-Jul-2020,1146.22,1146.22,1127.38,1133.75,24804600
DSIU,23-Jul-2020,244.23,246.33,244.06,246.17,7086800
DSIV,23-Jul-2020,819.42,833.28,815.87,819.6,14496600
DSIX,23-Jul-2020,572.8,576.46,571.94,574.99,40860800
DSLE,23-Jul-2020,816.69,825.4,798.92,801.41,43495900
DSLG,23-Jul-2020,1551,1552.19,1524.97,1543.66,8868700
DSLW,23-Jul-2020,1113.88,1125.78,1104.07,1110.87,0
DSMC,23-Jul-2020,1823.29,1843.11,1811.47,1818.78,80850200
DSME,23-Jul-2020,956.44,958.83,944.09,949.99,120572500
DSMF,23-Jul-2020,6.06,6.21,6.06,6.14,7553500
DSMG,23-Jul-2020,137.46,140.06,135.37,137.55,12125200
DSMR,23-Jul-2020,33.96,34.24,33.48,33.61,46099800
DSMS,23-Jul-2020,1021.21,1032.57,1007.85,1012.23,8621400
DSMT,23-Jul-2020,154.9,159.6,153.88,158.58,563300
DSMU,23-Jul-2020,206.57,208.34,205.98,206.84,13650100
DSNC,23-Jul-2020,701.85,703.71,691.42,695.09,385575500
DSNF,23-Jul-2020,182.19,183.53,174.77,178.18,21003600
DSNG,23-Jul-2020,834.32,841.27,828.7,831.65,168311000
DSNS,23-Jul-2020,2352.12,2367.91,2269.77,2281.17,162633500
DSOG,23-Jul-2020,352.24,354.01,348.08,351.64,165969100
DSOI,23-Jul-2020,124.44,127.11,122.42,126.98,79694100
DSOL,23-Jul-2020,341.25,342.58,337.29,341.45,38524100
DSOQ,23-Jul-2020,200.94,201.46,196.4,201.19,121353300
DSOS,23-Jul-2020,382.41,384.97,377.08,380.55,127444900
DSPB,23-Jul-2020,448.67,453.13,444.04,446.37,6560300
DSPC,23-Jul-2020,310.07,312.97,308.94,310.4,3847200
DSPG,23-Jul-2020,657.29,665.04,652.28,654.74,72591000
DSPL,23-Jul-2020,449.51,449.51,435.9,442.73,41659200
DSPM,23-Jul-2020,148.36,151.16,146.1,148.43,10593200
DSPN,23-Jul-2020,908.52,911.29,895.35,897.99,182327000
DSPP,23-Jul-2020,80.41,81.9,80.08,80.67,539500
DSPR,23-Jul-2020,627.44,629.15,619.36,621.06,103742500
DSRA,23-Jul-2020,823.99,832.1,815.43,822.99,54362100
DSRB,23-Jul-2020,3092.18,3092.18,2981.11,2995.11,45830900
DSRD,23-Jul-2020,737.11,741.98,729.72,734,7020400
DSRE,23-Jul-2020,312.03,313.99,308.1,311.4,216184300
DSRH,23-Jul-2020,439.98,444.34,434.11,437.07,2549000
DSRI,23-Jul-2020,128.71,129.53,127.09,128.48,213635200
DSRL,23-Jul-2020,58.96,59.69,57.76,58.61,24581500
DSRN,23-Jul-2020,196.25,197.47,192.19,194.64,13228800
DSRP,23-Jul-2020,483.7,497.7,471.3,474.51,4105700
DSRQ,23-Jul-2020,63.29,64.2,61.83,62.76,95704600
DSRR,23-Jul-2020,2456.02,2456.02,2390.56,2409.46,11613600
DSRS,23-Jul-2020,2213.3,2213.3,2152.71,2170.9,37581600
DSRT,23-Jul-2020,1810.49,1810.49,1759.79,1769.84,182741100
DSRU,23-Jul-2020,1846.31,1851.15,1811.55,1824.86,23129500
DSSB,23-Jul-2020,1168.04,1173.78,1156.44,1160.14,41193200
DSSC,23-Jul-2020,4939.12,4974.81,4809.48,4844.79,264290600
DSSD,23-Jul-2020,726.1,728.58,723.08,727.18,24688500
DSSF,23-Jul-2020,385.4,389.96,382.5,384.04,56233300
DSSP,23-Jul-2020,404.7,407.63,394.65,397.01,10095200
DSSR,23-Jul-2020,233.87,235.54,231.09,233.67,46654400
DSST,23-Jul-2020,182.18,189.04,182.18,183.76,17060900
DSSV,23-Jul-2020,3613.27,3650.92,3520.59,3530.01,401835100
DSSW,23-Jul-2020,3891.45,3945.42,3804.52,3813.73,221720200
DSTB,23-Jul-2020,584.44,587.88,580.48,587.2,9918300
DSTC,23-Jul-2020,2909.43,2927.4,2826.1,2837.95,810470000
DSTK,23-Jul-2020,1048.57,1060.95,1043.75,1046.41,5428900
DSTL,23-Jul-2020,167.23,167.58,165.51,166.83,75450400
DSTP,23-Jul-2020,805.37,807.19,792.27,795.6,0
DSTQ,23-Jul-2020,2515.6,2517.9,2432.5,2448.31,408634800
DSTR,23-Jul-2020,33.74,34.91,33.71,34.24,2793400
DSTS,23-Jul-2020,191.8,192.98,189.23,190.97,2530600
DSTT,23-Jul-2020,589.64,591.78,578.37,581.39,26237900
DSTY,23-Jul-2020,1213.38,1223.98,1187.09,1190.75,39390200
DSUO,23-Jul-2020,298.74,300.76,297.89,299.2,22844600
DSUT,23-Jul-2020,299.74,302.24,298.56,300.16,132325100
DSVE,23-Jul-2020,287.04,289.75,285.79,287.43,109480400
DSVN,23-Jul-2020,421.25,428.69,420.8,421.32,2243100
DSWC,23-Jul-2020,383.2,384.81,381.44,383.46,23959600
DSWU,23-Jul-2020,3061.02,3083.56,3048.34,3066.64,1441000
DTCI,23-Jul-2020,1577.67,1587.38,1557.55,1574.57,0
DTEI,23-Jul-2020,1931.09,1935.95,1899.51,1920.87,0
DTFD,23-Jul-2020,35,65,15,45,0
DTFI,23-Jul-2020,65,90,65,75,0
DTFX,23-Jul-2020,125.14,125.61,124.87,125.37,0
DTOF,23-Jul-2020,75,90,75,80,0
DTOH,23-Jul-2020,65,65,65,65,0
DTTH,23-Jul-2020,65,65,65,65,0
DTTW,23-Jul-2020,65,95,65,75,0
DTWC,23-Jul-2020,20255.35,20262.33,20014.97,20088.46,0
DTWI,23-Jul-2020,61863.65,61863.65,60843.28,61054.02,0
DTWT,23-Jul-2020,15935.19,15958.7,15808.57,15880.6,0
DTWU,23-Jul-2020,3720.26,3754.21,3705.25,3725.66,0
DUBS,23-Jul-2020,67.76,68.34,67.57,68.12,0
DUFD,23-Jul-2020,93.33,93.33,80,80,0
DUFI,23-Jul-2020,86.66,86.66,73.33,80,0
DUOF,23-Jul-2020,86.66,86.66,66.66,80,0
DUOH,23-Jul-2020,33.33,46.66,26.66,33.33,0
DUSL,23-Jul-2020,718.14,719.49,705.25,708.02,0
DUSM,23-Jul-2020,1150.24,1161.22,1139.88,1146.12,0
DUSS,23-Jul-2020,1053.87,1067.41,1044.97,1052.78,0
DUTH,23-Jul-2020,20,20,13.33,13.33,0
DUTW,23-Jul-2020,93.33,93.33,93.33,93.33,0
DVCA,23-Jul-2020,28.42,256.11,28.42,256.11,0
DVCC,23-Jul-2020,1.41,36.97,1.41,23.71,0
DVCE,23-Jul-2020,33.47,1073.91,33.47,1073.91,0
DVCN,23-Jul-2020,70.44,2407.25,70.44,2404.91,0
DVCQ,23-Jul-2020,95.48,2268.29,95.48,2175.72,0
DVCS,23-Jul-2020,10.79,316.56,10.79,316.5,0
DVCT,23-Jul-2020,194.35,4919.21,194.35,4836.74,0
DVCU,23-Jul-2020,124.67,2466.97,124.67,2066.97,0
DVCV,23-Jul-2020,6.51,116.29,6.51,115.38,0
DVCX,23-Jul-2020,18.73,459.64,18.73,455.6,0
DVS,23-Jul-2020,34.9,37.3,34.9,37.3,0
DWCB,23-Jul-2020,3998.22,4066.65,3985.8,4049.84,0
DXY,23-Jul-2020,95.01,95.18,94.59,94.79,0
EVZ,23-Jul-2020,6.82,7.22,6.79,7.21,0
FVX,23-Jul-2020,0.26,0.27,0.26,0.26,0
GLD,23-Jul-2020,1871.44,1897.08,1864.64,1886.49,452511
GNX,23-Jul-2020,343.67,346.31,341.04,341.65,0
GVZ,23-Jul-2020,22.45,23.12,20.7,21.99,0
HGX,23-Jul-2020,356.21,360.8,348.62,352.62,0
HIGA,23-Jul-2020,1,1,1,1,0
HIGC,23-Jul-2020,2,2,2,2,0
HIGD,23-Jul-2020,0.01,0.01,0.01,0.01,0
HIGE,23-Jul-2020,184,184,184,184,0
HIGN,23-Jul-2020,99,99,99,99,0
HIGQ,23-Jul-2020,97,97,97,97,0
HIGS,23-Jul-2020,12,12,12,12,0
HIGU,23-Jul-2020,183,183,183,183,0
HIGV,23-Jul-2020,6,6,6,6,0
HUI,23-Jul-2020,337.16,341.55,325.06,330.26,0
IDX,23-Jul-2020,1860.36,1886.42,1850.75,1864.65,474262200
INDS,23-Jul-2020,8346.97,8355.3,8114.83,8168.49,0
INSR,23-Jul-2020,9010.04,9091.32,9009.25,9063.58,0
IQX,23-Jul-2020,4352.03,4382.37,4322.28,4344.07,0
IQZ,23-Jul-2020,10460.06,10610.62,10411.96,10498.23,0
IRX,23-Jul-2020,0.1,0.1,0.1,0.1,0
IVX,23-Jul-2020,1119.66,1126.51,1114.62,1119,0
IXB,23-Jul-2020,652.83,659.43,649.02,652.96,0
IXCO,23-Jul-2020,7262.46,7306.61,7035.94,7067.8,0
IXE,23-Jul-2020,393.09,397.05,390.21,395.01,0
IXF,23-Jul-2020,4484.09,4526.53,4468.02,4496.96,0
IXHC,23-Jul-2020,1078.59,1085.65,1056.09,1060.66,0
IXI,23-Jul-2020,731.11,735.8,726.39,729.02,0
IXM,23-Jul-2020,298.84,301.28,297.89,299.71,0
IXR,23-Jul-2020,625.59,628.45,623.94,625.94,0
IXTC,23-Jul-2020,435.67,439.41,434.2,437.01,0
IXU,23-Jul-2020,613.89,619.06,611.32,614.73,0
IXV,23-Jul-2020,1080.49,1085.92,1069.96,1073.69,0
IXY,23-Jul-2020,1389.01,1389.01,1357.5,1366.31,0
JX,23-Jul-2020,692.79,695.33,679.86,680.2,134440600
KDX,23-Jul-2020,79.76,80.69,79.36,79.94,0
KIX,23-Jul-2020,251.87,254.48,251.43,253.1,0
KPX,23-Jul-2020,668,677.34,667.72,673.21,0
KRX,23-Jul-2020,70.21,72.67,70.21,72.18,0
KSX,23-Jul-2020,372.38,373.54,368.23,369.29,0
KYX,23-Jul-2020,48,48.4,47.41,48,0
LOWA,23-Jul-2020,0.01,0.01,0.01,0.01,0
LOWC,23-Jul-2020,1,1,1,1,0
LOWD,23-Jul-2020,0.01,0.01,0.01,0.01,0
LOWE,23-Jul-2020,25,25,25,25,0
LOWN,23-Jul-2020,3,3,3,3,0
LOWQ,23-Jul-2020,7,7,7,7,0
LOWS,23-Jul-2020,2,2,2,2,0
LOWU,23-Jul-2020,50,50,50,50,0
LOWV,23-Jul-2020,1,1,1,1,0
M1DA,23-Jul-2020,20,20,20,20,18100
M1DB,23-Jul-2020,11,11,11,11,2800
M1DC,23-Jul-2020,243,243,243,243,195400
M1DE,23-Jul-2020,777,777,777,777,185800
M1DF,23-Jul-2020,20,20,20,20,6000
M1DG,23-Jul-2020,329,329,329,329,98700
M1DH,23-Jul-2020,606,606,606,606,350000
M1DI,23-Jul-2020,31,31,31,31,7300
M1DJ,23-Jul-2020,18,18,18,18,2800
M1DK,23-Jul-2020,27,27,27,27,7100
M1DL,23-Jul-2020,89,89,89,89,303500
M1DM,23-Jul-2020,17,17,17,17,3300
M1DN,23-Jul-2020,451,451,451,451,189600
M1DO,23-Jul-2020,19,19,19,19,10000
M1DP,23-Jul-2020,184,184,184,184,49800
M1DQ,23-Jul-2020,224,224,224,224,260300
M1DR,23-Jul-2020,2,2,2,2,3100
M1DS,23-Jul-2020,26,26,26,26,6200
M1DT,23-Jul-2020,1,1,1,1,2600
M1DU,23-Jul-2020,45,45,45,45,266800
M1DV,23-Jul-2020,650,650,650,650,386600
M1DW,23-Jul-2020,6,6,6,6,2600
M1DX,23-Jul-2020,695,695,695,695,468100
M1DY,23-Jul-2020,25,25,25,25,6100
M1DZ,23-Jul-2020,566,566,566,566,274800
M1HA,23-Jul-2020,28,28,28,28,18100
M1HB,23-Jul-2020,11,11,11,11,2800
M1HC,23-Jul-2020,339,339,339,339,195400
M1HE,23-Jul-2020,830,830,830,830,185800
M1HF,23-Jul-2020,20,20,20,20,6000
M1HG,23-Jul-2020,345,345,345,345,98700
M1HH,23-Jul-2020,712,712,712,712,350000
M1HI,23-Jul-2020,31,31,31,31,7300
M1HJ,23-Jul-2020,18,18,18,18,2800
M1HK,23-Jul-2020,28,28,28,28,7100
M1HL,23-Jul-2020,184,184,184,184,303500
M1HM,23-Jul-2020,17,17,17,17,3300
M1HN,23-Jul-2020,504,504,504,504,189600
M1HO,23-Jul-2020,19,19,19,19,10000
M1HP,23-Jul-2020,190,190,190,190,49800
M1HQ,23-Jul-2020,364,364,364,364,260300
M1HR,23-Jul-2020,5,5,5,5,3100
M1HS,23-Jul-2020,27,27,27,27,6200
M1HT,23-Jul-2020,1,1,1,1,2600
M1HU,23-Jul-2020,95,95,95,95,266800
M1HV,23-Jul-2020,801,801,801,801,386600
M1HW,23-Jul-2020,6,6,6,6,2600
M1HX,23-Jul-2020,896,896,896,896,468100
M1HY,23-Jul-2020,26,26,26,26,6100
M1HZ,23-Jul-2020,666,666,666,666,274800
M1LA,23-Jul-2020,8,8,8,8,18100
M1LB,23-Jul-2020,0.01,0.01,0.01,0.01,2800
M1LC,23-Jul-2020,96,96,96,96,195400
M1LE,23-Jul-2020,53,53,53,53,185800
M1LF,23-Jul-2020,0.01,0.01,0.01,0.01,6000
M1LG,23-Jul-2020,16,16,16,16,98700
M1LH,23-Jul-2020,106,106,106,106,350000
M1LI,23-Jul-2020,0.01,0.01,0.01,0.01,7300
M1LJ,23-Jul-2020,0.01,0.01,0.01,0.01,2800
M1LK,23-Jul-2020,1,1,1,1,7100
M1LL,23-Jul-2020,95,95,95,95,303500
M1LM,23-Jul-2020,0.01,0.01,0.01,0.01,3300
M1LN,23-Jul-2020,53,53,53,53,189600
M1LO,23-Jul-2020,0.01,0.01,0.01,0.01,10000
M1LP,23-Jul-2020,6,6,6,6,49800
M1LQ,23-Jul-2020,140,140,140,140,260300
M1LR,23-Jul-2020,3,3,3,3,3100
M1LS,23-Jul-2020,1,1,1,1,6200
M1LT,23-Jul-2020,0.01,0.01,0.01,0.01,2600
M1LU,23-Jul-2020,50,50,50,50,266800
M1LV,23-Jul-2020,151,151,151,151,386600
M1LW,23-Jul-2020,0.01,0.01,0.01,0.01,2600
M1LX,23-Jul-2020,201,201,201,201,468100
M1LY,23-Jul-2020,1,1,1,1,6100
M1LZ,23-Jul-2020,100,100,100,100,274800
M3DA,23-Jul-2020,13,13,13,13,18100
M3DB,23-Jul-2020,5,5,5,5,2800
M3DC,23-Jul-2020,111,111,111,111,195400
M3DE,23-Jul-2020,428,428,428,428,185800
M3DF,23-Jul-2020,8,8,8,8,6000
M3DG,23-Jul-2020,175,175,175,175,98700
M3DH,23-Jul-2020,331,331,331,331,350000
M3DI,23-Jul-2020,19,19,19,19,7300
M3DJ,23-Jul-2020,11,11,11,11,2800
M3DK,23-Jul-2020,12,12,12,12,7100
M3DL,23-Jul-2020,36,36,36,36,303500
M3DM,23-Jul-2020,11,11,11,11,3300
M3DN,23-Jul-2020,219,219,219,219,189600
M3DO,23-Jul-2020,9,9,9,9,10000
M3DP,23-Jul-2020,102,102,102,102,49800
M3DQ,23-Jul-2020,135,135,135,135,260300
M3DR,23-Jul-2020,3,3,3,3,3100
M3DS,23-Jul-2020,17,17,17,17,6200
M3DT,23-Jul-2020,0.01,0.01,0.01,0.01,2600
M3DU,23-Jul-2020,16,16,16,16,266800
M3DV,23-Jul-2020,351,351,351,351,386600
M3DW,23-Jul-2020,2,2,2,2,2600
M3DX,23-Jul-2020,367,367,367,367,468100
M3DY,23-Jul-2020,14,14,14,14,6100
M3DZ,23-Jul-2020,283,283,283,283,274800
M3HA,23-Jul-2020,14,14,14,14,18100
M3HB,23-Jul-2020,5,5,5,5,2800
M3HC,23-Jul-2020,141,141,141,141,195400
M3HE,23-Jul-2020,459,459,459,459,185800
M3HF,23-Jul-2020,8,8,8,8,6000
M3HG,23-Jul-2020,176,176,176,176,98700
M3HH,23-Jul-2020,356,356,356,356,350000
M3HI,23-Jul-2020,19,19,19,19,7300
M3HJ,23-Jul-2020,11,11,11,11,2800
M3HK,23-Jul-2020,12,12,12,12,7100
M3HL,23-Jul-2020,63,63,63,63,303500
M3HM,23-Jul-2020,11,11,11,11,3300
M3HN,23-Jul-2020,234,234,234,234,189600
M3HO,23-Jul-2020,9,9,9,9,10000
M3HP,23-Jul-2020,103,103,103,103,49800
M3HQ,23-Jul-2020,171,171,171,171,260300
M3HR,23-Jul-2020,4,4,4,4,3100
M3HS,23-Jul-2020,17,17,17,17,6200
M3HT,23-Jul-2020,0.01,0.01,0.01,0.01,2600
M3HU,23-Jul-2020,30,30,30,30,266800
M3HV,23-Jul-2020,389,389,389,389,386600
M3HW,23-Jul-2020,2,2,2,2,2600
M3HX,23-Jul-2020,419,419,419,419,468100
M3HY,23-Jul-2020,14,14,14,14,6100
M3HZ,23-Jul-2020,308,308,308,308,274800
M3LA,23-Jul-2020,1,1,1,1,18100
M3LB,23-Jul-2020,0.01,0.01,0.01,0.01,2800
M3LC,23-Jul-2020,30,30,30,30,195400
M3LE,23-Jul-2020,31,31,31,31,185800
M3LF,23-Jul-2020,0.01,0.01,0.01,0.01,6000
M3LG,23-Jul-2020,1,1,1,1,98700
M3LH,23-Jul-2020,25,25,25,25,350000
M3LI,23-Jul-2020,0.01,0.01,0.01,0.01,7300
M3LJ,23-Jul-2020,0.01,0.01,0.01,0.01,2800
M3LK,23-Jul-2020,0.01,0.01,0.01,0.01,7100
M3LL,23-Jul-2020,27,27,27,27,303500
M3LM,23-Jul-2020,0.01,0.01,0.01,0.01,3300
M3LN,23-Jul-2020,15,15,15,15,189600
M3LO,23-Jul-2020,0.01,0.01,0.01,0.01,10000
M3LP,23-Jul-2020,1,1,1,1,49800
M3LQ,23-Jul-2020,36,36,36,36,260300
M3LR,23-Jul-2020,1,1,1,1,3100
M3LS,23-Jul-2020,0.01,0.01,0.01,0.01,6200
M3LT,23-Jul-2020,0.01,0.01,0.01,0.01,2600
M3LU,23-Jul-2020,14,14,14,14,266800
M3LV,23-Jul-2020,38,38,38,38,386600
M3LW,23-Jul-2020,0.01,0.01,0.01,0.01,2600
M3LX,23-Jul-2020,52,52,52,52,468100
M3LY,23-Jul-2020,0.01,0.01,0.01,0.01,6100
M3LZ,23-Jul-2020,25,25,25,25,274800
M5DA,23-Jul-2020,24,24,24,24,18100
M5DB,23-Jul-2020,10,10,10,10,2800
M5DC,23-Jul-2020,179,179,179,179,195400
M5DE,23-Jul-2020,688,688,688,688,185800
M5DF,23-Jul-2020,28,28,28,28,6000
M5DG,23-Jul-2020,339,339,339,339,98700
M5DH,23-Jul-2020,514,514,514,514,350000
M5DI,23-Jul-2020,29,29,29,29,7300
M5DJ,23-Jul-2020,21,21,21,21,2800
M5DK,23-Jul-2020,30,30,30,30,7100
M5DL,23-Jul-2020,-11,-11,-11,-11,303500
M5DM,23-Jul-2020,19,19,19,19,3300
M5DN,23-Jul-2020,464,464,464,464,189600
M5DO,23-Jul-2020,8,8,8,8,10000
M5DP,23-Jul-2020,177,177,177,177,49800
M5DQ,23-Jul-2020,15,15,15,15,260300
M5DR,23-Jul-2020,0.01,0.01,0.01,0.01,3100
M5DS,23-Jul-2020,16,16,16,16,6200
M5DT,23-Jul-2020,0.01,0.01,0.01,0.01,2600
M5DU,23-Jul-2020,-10,-10,-10,-10,266800
M5DV,23-Jul-2020,513,513,513,513,386600
M5DW,23-Jul-2020,3,3,3,3,2600
M5DX,23-Jul-2020,503,503,503,503,468100
M5DY,23-Jul-2020,21,21,21,21,6100
M5DZ,23-Jul-2020,530,530,530,530,274800
M5HA,23-Jul-2020,49,49,49,49,18100
M5HB,23-Jul-2020,15,15,15,15,2800
M5HC,23-Jul-2020,612,612,612,612,195400
M5HE,23-Jul-2020,932,932,932,932,185800
M5HF,23-Jul-2020,37,37,37,37,6000
M5HG,23-Jul-2020,485,485,485,485,98700
M5HH,23-Jul-2020,1093,1093,1093,1093,350000
M5HI,23-Jul-2020,38,38,38,38,7300
M5HJ,23-Jul-2020,21,21,21,21,2800
M5HK,23-Jul-2020,40,40,40,40,7100
M5HL,23-Jul-2020,416,416,416,416,303500
M5HM,23-Jul-2020,19,19,19,19,3300
M5HN,23-Jul-2020,764,764,764,764,189600
M5HO,23-Jul-2020,28,28,28,28,10000
M5HP,23-Jul-2020,249,249,249,249,49800
M5HQ,23-Jul-2020,696,696,696,696,260300
M5HR,23-Jul-2020,7,7,7,7,3100
M5HS,23-Jul-2020,29,29,29,29,6200
M5HT,23-Jul-2020,2,2,2,2,2600
M5HU,23-Jul-2020,250,250,250,250,266800
M5HV,23-Jul-2020,1259,1259,1259,1259,386600
M5HW,23-Jul-2020,9,9,9,9,2600
M5HX,23-Jul-2020,1509,1509,1509,1509,468100
M5HY,23-Jul-2020,32,32,32,32,6100
M5HZ,23-Jul-2020,1052,1052,1052,1052,274800
M5LA,23-Jul-2020,25,25,25,25,18100
M5LB,23-Jul-2020,5,5,5,5,2800
M5LC,23-Jul-2020,433,433,433,433,195400
M5LE,23-Jul-2020,244,244,244,244,185800
M5LF,23-Jul-2020,9,9,9,9,6000
M5LG,23-Jul-2020,146,146,146,146,98700
M5LH,23-Jul-2020,579,579,579,579,350000
M5LI,23-Jul-2020,9,9,9,9,7300
M5LJ,23-Jul-2020,0.01,0.01,0.01,0.01,2800
M5LK,23-Jul-2020,10,10,10,10,7100
M5LL,23-Jul-2020,427,427,427,427,303500
M5LM,23-Jul-2020,0.01,0.01,0.01,0.01,3300
M5LN,23-Jul-2020,300,300,300,300,189600
M5LO,23-Jul-2020,20,20,20,20,10000
M5LP,23-Jul-2020,72,72,72,72,49800
M5LQ,23-Jul-2020,681,681,681,681,260300
M5LR,23-Jul-2020,7,7,7,7,3100
M5LS,23-Jul-2020,13,13,13,13,6200
M5LT,23-Jul-2020,2,2,2,2,2600
M5LU,23-Jul-2020,260,260,260,260,266800
M5LV,23-Jul-2020,746,746,746,746,386600
M5LW,23-Jul-2020,6,6,6,6,2600
M5LX,23-Jul-2020,1006,1006,1006,1006,468100
M5LY,23-Jul-2020,11,11,11,11,6100
M5LZ,23-Jul-2020,522,522,522,522,274800
M6DA,23-Jul-2020,7,7,7,7,18100
M6DB,23-Jul-2020,3,3,3,3,2800
M6DC,23-Jul-2020,77,77,77,77,195400
M6DE,23-Jul-2020,159,159,159,159,185800
M6DF,23-Jul-2020,3,3,3,3,6000
M6DG,23-Jul-2020,103,103,103,103,98700
M6DH,23-Jul-2020,209,209,209,209,350000
M6DI,23-Jul-2020,11,11,11,11,7300
M6DJ,23-Jul-2020,2,2,2,2,2800
M6DK,23-Jul-2020,8,8,8,8,7100
M6DL,23-Jul-2020,27,27,27,27,303500
M6DM,23-Jul-2020,7,7,7,7,3300
M6DN,23-Jul-2020,113,113,113,113,189600
M6DO,23-Jul-2020,5,5,5,5,10000
M6DP,23-Jul-2020,60,60,60,60,49800
M6DQ,23-Jul-2020,116,116,116,116,260300
M6DR,23-Jul-2020,2,2,2,2,3100
M6DS,23-Jul-2020,13,13,13,13,6200
M6DT,23-Jul-2020,0.01,0.01,0.01,0.01,2600
M6DU,23-Jul-2020,12,12,12,12,266800
M6DV,23-Jul-2020,224,224,224,224,386600
M6DW,23-Jul-2020,2,2,2,2,2600
M6DX,23-Jul-2020,236,236,236,236,468100
M6DY,23-Jul-2020,9,9,9,9,6100
M6DZ,23-Jul-2020,174,174,174,174,274800
M6HA,23-Jul-2020,7,7,7,7,18100
M6HB,23-Jul-2020,3,3,3,3,2800
M6HC,23-Jul-2020,86,86,86,86,195400
M6HE,23-Jul-2020,181,181,181,181,185800
M6HF,23-Jul-2020,3,3,3,3,6000
M6HG,23-Jul-2020,103,103,103,103,98700
M6HH,23-Jul-2020,215,215,215,215,350000
M6HI,23-Jul-2020,11,11,11,11,7300
M6HJ,23-Jul-2020,2,2,2,2,2800
M6HK,23-Jul-2020,8,8,8,8,7100
M6HL,23-Jul-2020,35,35,35,35,303500
M6HM,23-Jul-2020,7,7,7,7,3300
M6HN,23-Jul-2020,117,117,117,117,189600
M6HO,23-Jul-2020,5,5,5,5,10000
M6HP,23-Jul-2020,60,60,60,60,49800
M6HQ,23-Jul-2020,126,126,126,126,260300
M6HR,23-Jul-2020,2,2,2,2,3100
M6HS,23-Jul-2020,13,13,13,13,6200
M6HT,23-Jul-2020,0.01,0.01,0.01,0.01,2600
M6HU,23-Jul-2020,17,17,17,17,266800
M6HV,23-Jul-2020,233,233,233,233,386600
M6HW,23-Jul-2020,2,2,2,2,2600
M6HX,23-Jul-2020,250,250,250,250,468100
M6HY,23-Jul-2020,9,9,9,9,6100
M6HZ,23-Jul-2020,181,181,181,181,274800
M6LA,23-Jul-2020,0.01,0.01,0.01,0.01,18100
M6LB,23-Jul-2020,0.01,0.01,0.01,0.01,2800
M6LC,23-Jul-2020,9,9,9,9,195400
M6LE,23-Jul-2020,22,22,22,22,185800
M6LF,23-Jul-2020,0.01,0.01,0.01,0.01,6000
M6LG,23-Jul-2020,0.01,0.01,0.01,0.01,98700
M6LH,23-Jul-2020,6,6,6,6,350000
M6LI,23-Jul-2020,0.01,0.01,0.01,0.01,7300
M6LJ,23-Jul-2020,0.01,0.01,0.01,0.01,2800
M6LK,23-Jul-2020,0.01,0.01,0.01,0.01,7100
M6LL,23-Jul-2020,8,8,8,8,303500
M6LM,23-Jul-2020,0.01,0.01,0.01,0.01,3300
M6LN,23-Jul-2020,4,4,4,4,189600
M6LO,23-Jul-2020,0.01,0.01,0.01,0.01,10000
M6LP,23-Jul-2020,0.01,0.01,0.01,0.01,49800
M6LQ,23-Jul-2020,10,10,10,10,260300
M6LR,23-Jul-2020,0.01,0.01,0.01,0.01,3100
M6LS,23-Jul-2020,0.01,0.01,0.01,0.01,6200
M6LT,23-Jul-2020,0.01,0.01,0.01,0.01,2600
M6LU,23-Jul-2020,5,5,5,5,266800
M6LV,23-Jul-2020,9,9,9,9,386600
M6LW,23-Jul-2020,0.01,0.01,0.01,0.01,2600
M6LX,23-Jul-2020,14,14,14,14,468100
M6LY,23-Jul-2020,0.01,0.01,0.01,0.01,6100
M6LZ,23-Jul-2020,7,7,7,7,274800
MADA,23-Jul-2020,6,6,6,6,18100
MADB,23-Jul-2020,3,3,3,3,2800
MADC,23-Jul-2020,64,64,64,64,195400
MADE,23-Jul-2020,141,141,141,141,185800
MADF,23-Jul-2020,3,3,3,3,6000
MADG,23-Jul-2020,87,87,87,87,98700
MADH,23-Jul-2020,180,180,180,180,350000
MADI,23-Jul-2020,9,9,9,9,7300
MADJ,23-Jul-2020,2,2,2,2,2800
MADK,23-Jul-2020,4,4,4,4,7100
MADL,23-Jul-2020,13,13,13,13,303500
MADM,23-Jul-2020,7,7,7,7,3300
MADN,23-Jul-2020,94,94,94,94,189600
MADO,23-Jul-2020,5,5,5,5,10000
MADP,23-Jul-2020,51,51,51,51,49800
MADQ,23-Jul-2020,93,93,93,93,260300
MADR,23-Jul-2020,2,2,2,2,3100
MADS,23-Jul-2020,13,13,13,13,6200
MADT,23-Jul-2020,0.01,0.01,0.01,0.01,2600
MADU,23-Jul-2020,7,7,7,7,266800
MADV,23-Jul-2020,186,186,186,186,386600
MADW,23-Jul-2020,1,1,1,1,2600
MADX,23-Jul-2020,193,193,193,193,468100
MADY,23-Jul-2020,7,7,7,7,6100
MADZ,23-Jul-2020,146,146,146,146,274800
MAHA,23-Jul-2020,6,6,6,6,18100
MAHB,23-Jul-2020,3,3,3,3,2800
MAHC,23-Jul-2020,72,72,72,72,195400
MAHE,23-Jul-2020,163,163,163,163,185800
MAHF,23-Jul-2020,3,3,3,3,6000
MAHG,23-Jul-2020,87,87,87,87,98700
MAHH,23-Jul-2020,185,185,185,185,350000
MAHI,23-Jul-2020,9,9,9,9,7300
MAHJ,23-Jul-2020,2,2,2,2,2800
MAHK,23-Jul-2020,4,4,4,4,7100
MAHL,23-Jul-2020,19,19,19,19,303500
MAHM,23-Jul-2020,7,7,7,7,3300
MAHN,23-Jul-2020,98,98,98,98,189600
MAHO,23-Jul-2020,5,5,5,5,10000
MAHP,23-Jul-2020,51,51,51,51,49800
MAHQ,23-Jul-2020,100,100,100,100,260300
MAHR,23-Jul-2020,2,2,2,2,3100
MAHS,23-Jul-2020,13,13,13,13,6200
MAHT,23-Jul-2020,0.01,0.01,0.01,0.01,2600
MAHU,23-Jul-2020,11,11,11,11,266800
MAHV,23-Jul-2020,193,193,193,193,386600
MAHW,23-Jul-2020,1,1,1,1,2600
MAHX,23-Jul-2020,204,204,204,204,468100
MAHY,23-Jul-2020,7,7,7,7,6100
MAHZ,23-Jul-2020,152,152,152,152,274800
MALA,23-Jul-2020,0.01,0.01,0.01,0.01,18100
MALB,23-Jul-2020,0.01,0.01,0.01,0.01,2800
MALC,23-Jul-2020,8,8,8,8,195400
MALE,23-Jul-2020,22,22,22,22,185800
MALF,23-Jul-2020,0.01,0.01,0.01,0.01,6000
MALG,23-Jul-2020,0.01,0.01,0.01,0.01,98700
MALH,23-Jul-2020,5,5,5,5,350000
MALI,23-Jul-2020,0.01,0.01,0.01,0.01,7300
MALJ,23-Jul-2020,0.01,0.01,0.01,0.01,2800
MALK,23-Jul-2020,0.01,0.01,0.01,0.01,7100
MALL,23-Jul-2020,6,6,6,6,303500
MALM,23-Jul-2020,0.01,0.01,0.01,0.01,3300
MALN,23-Jul-2020,4,4,4,4,189600
MALO,23-Jul-2020,0.01,0.01,0.01,0.01,10000
MALP,23-Jul-2020,0.01,0.01,0.01,0.01,49800
MALQ,23-Jul-2020,7,7,7,7,260300
MALR,23-Jul-2020,0.01,0.01,0.01,0.01,3100
MALS,23-Jul-2020,0.01,0.01,0.01,0.01,6200
MALT,23-Jul-2020,0.01,0.01,0.01,0.01,2600
MALU,23-Jul-2020,4,4,4,4,266800
MALV,23-Jul-2020,7,7,7,7,386600
MALW,23-Jul-2020,0.01,0.01,0.01,0.01,2600
MALX,23-Jul-2020,11,11,11,11,468100
MALY,23-Jul-2020,0.01,0.01,0.01,0.01,6100
MALZ,23-Jul-2020,6,6,6,6,274800
MMFD,23-Jul-2020,62.22,70.52,50.52,54.99,0
MMFI,23-Jul-2020,67.57,70.02,64.98,66.06,0
MMOF,23-Jul-2020,50.89,51.3,48.92,49.26,0
MMOH,23-Jul-2020,77.47,78.41,75.79,76.19,0
MMTH,23-Jul-2020,45.12,45.7,43.44,43.81,0
MMTW,23-Jul-2020,72.6,75.53,67.67,69.08,0
MNFD,23-Jul-2020,65.43,65.43,64.62,64.7,0
MNFI,23-Jul-2020,68.04,68.04,67.15,67.15,0
MNOF,23-Jul-2020,50.6,50.6,49.36,49.36,0
MNOH,23-Jul-2020,76.92,76.92,75.65,75.65,0
MNTH,23-Jul-2020,45.15,45.15,44.11,44.11,0
MNTW,23-Jul-2020,74.05,74.05,72.85,72.85,0
MOFD,23-Jul-2020,75.63,75.63,74.96,74.98,0
MOFI,23-Jul-2020,66.33,66.33,65.49,65.49,0
MOOF,23-Jul-2020,46.39,46.39,45.28,45.28,0
MOOH,23-Jul-2020,72.12,72.12,70.81,70.81,0
MOTH,23-Jul-2020,42.12,42.12,41.02,41.02,0
MOTW,23-Jul-2020,65.41,65.41,64.45,64.45,0
MPFD,23-Jul-2020,18.03,18.59,18.03,18.59,0
MPFI,23-Jul-2020,61.4,61.4,61.18,61.37,0
MPOF,23-Jul-2020,35.9,35.9,35.22,35.22,0
MPOH,23-Jul-2020,49.61,49.61,48.95,48.95,0
MPTH,23-Jul-2020,34.43,34.43,33.78,33.78,0
MPTW,23-Jul-2020,26.83,27.5,26.83,27.49,0
MTFD,23-Jul-2020,55.82,56.83,38.76,42.7,0
MTFI,23-Jul-2020,75.38,75.38,69.96,71.7,0
MTOF,23-Jul-2020,53.62,53.62,50.08,51.66,0
MTOH,23-Jul-2020,81.31,81.31,76.71,77.15,0
MTTH,23-Jul-2020,49.67,49.67,46.77,47.45,0
MTTW,23-Jul-2020,74.94,74.94,66.07,68.01,0
MUFD,23-Jul-2020,56.04,56.3,54.92,54.92,0
MUFI,23-Jul-2020,76.48,76.48,74.04,74.29,0
MUOF,23-Jul-2020,52.74,52.74,50.09,50.52,0
MUOH,23-Jul-2020,80.43,80.43,77.37,77.64,0
MUTH,23-Jul-2020,49.45,49.45,46.64,47,0
MUTW,23-Jul-2020,75.38,75.38,73.17,73.59,0
MVFD,23-Jul-2020,64.81,65.09,64.05,64.05,0
MVFI,23-Jul-2020,74.61,74.61,71.92,72.24,0
MVOF,23-Jul-2020,51.44,51.44,48.26,48.57,0
MVOH,23-Jul-2020,78.17,78.17,75.31,75.44,0
MVTH,23-Jul-2020,47.88,47.88,44.6,44.83,0
MVTW,23-Jul-2020,72.82,72.82,70.1,70.1,0
MWFD,23-Jul-2020,35.74,36.81,34.79,36.7,0
MWFI,23-Jul-2020,72.17,72.17,71.17,71.42,0
MWOF,23-Jul-2020,40.72,40.72,37.91,38.15,0
MWOH,23-Jul-2020,57.01,57.01,54.18,54.61,0
MWTH,23-Jul-2020,38,38,34.61,35.08,0
MWTW,23-Jul-2020,42.3,43.39,41.74,43.39,0
MYDA,23-Jul-2020,7,7,7,7,18100
MYDB,23-Jul-2020,3,3,3,3,2800
MYDC,23-Jul-2020,74,74,74,74,195400
MYDE,23-Jul-2020,152,152,152,152,185800
MYDF,23-Jul-2020,3,3,3,3,6000
MYDG,23-Jul-2020,97,97,97,97,98700
MYDH,23-Jul-2020,200,200,200,200,350000
MYDI,23-Jul-2020,9,9,9,9,7300
MYDJ,23-Jul-2020,2,2,2,2,2800
MYDK,23-Jul-2020,6,6,6,6,7100
MYDL,23-Jul-2020,23,23,23,23,303500
MYDM,23-Jul-2020,7,7,7,7,3300
MYDN,23-Jul-2020,106,106,106,106,189600
MYDO,23-Jul-2020,5,5,5,5,10000
MYDP,23-Jul-2020,55,55,55,55,49800
MYDQ,23-Jul-2020,110,110,110,110,260300
MYDR,23-Jul-2020,2,2,2,2,3100
MYDS,23-Jul-2020,13,13,13,13,6200
MYDT,23-Jul-2020,0.01,0.01,0.01,0.01,2600
MYDU,23-Jul-2020,11,11,11,11,266800
MYDV,23-Jul-2020,212,212,212,212,386600
MYDW,23-Jul-2020,2,2,2,2,2600
MYDX,23-Jul-2020,223,223,223,223,468100
MYDY,23-Jul-2020,8,8,8,8,6100
MYDZ,23-Jul-2020,166,166,166,166,274800
MYHA,23-Jul-2020,7,7,7,7,18100
MYHB,23-Jul-2020,3,3,3,3,2800
MYHC,23-Jul-2020,82,82,82,82,195400
MYHE,23-Jul-2020,174,174,174,174,185800
MYHF,23-Jul-2020,3,3,3,3,6000
MYHG,23-Jul-2020,97,97,97,97,98700
MYHH,23-Jul-2020,205,205,205,205,350000
MYHI,23-Jul-2020,9,9,9,9,7300
MYHJ,23-Jul-2020,2,2,2,2,2800
MYHK,23-Jul-2020,6,6,6,6,7100
MYHL,23-Jul-2020,31,31,31,31,303500
MYHM,23-Jul-2020,7,7,7,7,3300
MYHN,23-Jul-2020,110,110,110,110,189600
MYHO,23-Jul-2020,5,5,5,5,10000
MYHP,23-Jul-2020,55,55,55,55,49800
MYHQ,23-Jul-2020,119,119,119,119,260300
MYHR,23-Jul-2020,2,2,2,2,3100
MYHS,23-Jul-2020,13,13,13,13,6200
MYHT,23-Jul-2020,0.01,0.01,0.01,0.01,2600
MYHU,23-Jul-2020,15,15,15,15,266800
MYHV,23-Jul-2020,221,221,221,221,386600
MYHW,23-Jul-2020,2,2,2,2,2600
MYHX,23-Jul-2020,236,236,236,236,468100
MYHY,23-Jul-2020,8,8,8,8,6100
MYHZ,23-Jul-2020,172,172,172,172,274800
MYLA,23-Jul-2020,0.01,0.01,0.01,0.01,18100
MYLB,23-Jul-2020,0.01,0.01,0.01,0.01,2800
MYLC,23-Jul-2020,8,8,8,8,195400
MYLE,23-Jul-2020,22,22,22,22,185800
MYLF,23-Jul-2020,0.01,0.01,0.01,0.01,6000
MYLG,23-Jul-2020,0.01,0.01,0.01,0.01,98700
MYLH,23-Jul-2020,5,5,5,5,350000
MYLI,23-Jul-2020,0.01,0.01,0.01,0.01,7300
MYLJ,23-Jul-2020,0.01,0.01,0.01,0.01,2800
MYLK,23-Jul-2020,0.01,0.01,0.01,0.01,7100
MYLL,23-Jul-2020,8,8,8,8,303500
MYLM,23-Jul-2020,0.01,0.01,0.01,0.01,3300
MYLN,23-Jul-2020,4,4,4,4,189600
MYLO,23-Jul-2020,0.01,0.01,0.01,0.01,10000
MYLP,23-Jul-2020,0.01,0.01,0.01,0.01,49800
MYLQ,23-Jul-2020,9,9,9,9,260300
MYLR,23-Jul-2020,0.01,0.01,0.01,0.01,3100
MYLS,23-Jul-2020,0.01,0.01,0.01,0.01,6200
MYLT,23-Jul-2020,0.01,0.01,0.01,0.01,2600
MYLU,23-Jul-2020,4,4,4,4,266800
MYLV,23-Jul-2020,9,9,9,9,386600
MYLW,23-Jul-2020,0.01,0.01,0.01,0.01,2600
MYLX,23-Jul-2020,13,13,13,13,468100
MYLY,23-Jul-2020,0.01,0.01,0.01,0.01,6100
MYLZ,23-Jul-2020,6,6,6,6,274800
N1DA,23-Jul-2020,139,139,139,139,59600
N1DB,23-Jul-2020,124,124,124,124,39200
N1DC,23-Jul-2020,22,22,22,22,10300
N1DD,23-Jul-2020,7,7,7,7,3000
N1DE,23-Jul-2020,16,16,16,16,6400
N1DF,23-Jul-2020,2,2,2,2,2000
N1DG,23-Jul-2020,8,8,8,8,1500
N1DH,23-Jul-2020,11,11,11,11,21900
N1DI,23-Jul-2020,0.01,0.01,0.01,0.01,6000
N1DJ,23-Jul-2020,23,23,23,23,23900
N1DK,23-Jul-2020,44,44,44,44,59100
N1DL,23-Jul-2020,53,53,53,53,44200
N1DM,23-Jul-2020,8,8,8,8,14400
N1DN,23-Jul-2020,105,105,105,105,117800
N1DO,23-Jul-2020,157,157,157,157,97800
N1DP,23-Jul-2020,120,120,120,120,41900
N1DU,23-Jul-2020,195,195,195,195,185400
N1HA,23-Jul-2020,156,156,156,156,59600
N1HB,23-Jul-2020,129,129,129,129,39200
N1HC,23-Jul-2020,24,24,24,24,10300
N1HD,23-Jul-2020,7,7,7,7,3000
N1HE,23-Jul-2020,16,16,16,16,6400
N1HF,23-Jul-2020,2,2,2,2,2000
N1HG,23-Jul-2020,8,8,8,8,1500
N1HH,23-Jul-2020,20,20,20,20,21900
N1HI,23-Jul-2020,1,1,1,1,6000
N1HJ,23-Jul-2020,40,40,40,40,23900
N1HK,23-Jul-2020,77,77,77,77,59100
N1HL,23-Jul-2020,80,80,80,80,44200
N1HM,23-Jul-2020,20,20,20,20,14400
N1HN,23-Jul-2020,177,177,177,177,117800
N1HO,23-Jul-2020,209,209,209,209,97800
N1HP,23-Jul-2020,127,127,127,127,41900
N1HU,23-Jul-2020,349,349,349,349,185400
N1LA,23-Jul-2020,17,17,17,17,59600
N1LB,23-Jul-2020,5,5,5,5,39200
N1LC,23-Jul-2020,2,2,2,2,10300
N1LD,23-Jul-2020,0.01,0.01,0.01,0.01,3000
N1LE,23-Jul-2020,0.01,0.01,0.01,0.01,6400
N1LF,23-Jul-2020,0.01,0.01,0.01,0.01,2000
N1LG,23-Jul-2020,0.01,0.01,0.01,0.01,1500
N1LH,23-Jul-2020,9,9,9,9,21900
N1LI,23-Jul-2020,1,1,1,1,6000
N1LJ,23-Jul-2020,17,17,17,17,23900
N1LK,23-Jul-2020,33,33,33,33,59100
N1LL,23-Jul-2020,27,27,27,27,44200
N1LM,23-Jul-2020,12,12,12,12,14400
N1LN,23-Jul-2020,72,72,72,72,117800
N1LO,23-Jul-2020,52,52,52,52,97800
N1LP,23-Jul-2020,7,7,7,7,41900
N1LU,23-Jul-2020,154,154,154,154,185400
N3DA,23-Jul-2020,59,59,59,59,59600
N3DB,23-Jul-2020,56,56,56,56,39200
N3DC,23-Jul-2020,17,17,17,17,10300
N3DD,23-Jul-2020,3,3,3,3,3000
N3DE,23-Jul-2020,10,10,10,10,6400
N3DF,23-Jul-2020,2,2,2,2,2000
N3DG,23-Jul-2020,5,5,5,5,1500
N3DH,23-Jul-2020,10,10,10,10,21900
N3DI,23-Jul-2020,0.01,0.01,0.01,0.01,6000
N3DJ,23-Jul-2020,30,30,30,30,23900
N3DK,23-Jul-2020,41,41,41,41,59100
N3DL,23-Jul-2020,60,60,60,60,44200
N3DM,23-Jul-2020,7,7,7,7,14400
N3DN,23-Jul-2020,108,108,108,108,117800
N3DO,23-Jul-2020,93,93,93,93,97800
N3DP,23-Jul-2020,85,85,85,85,41900
N3DU,23-Jul-2020,212,212,212,212,185400
N3HA,23-Jul-2020,62,62,62,62,59600
N3HB,23-Jul-2020,57,57,57,57,39200
N3HC,23-Jul-2020,17,17,17,17,10300
N3HD,23-Jul-2020,3,3,3,3,3000
N3HE,23-Jul-2020,10,10,10,10,6400
N3HF,23-Jul-2020,2,2,2,2,2000
N3HG,23-Jul-2020,5,5,5,5,1500
N3HH,23-Jul-2020,12,12,12,12,21900
N3HI,23-Jul-2020,0.01,0.01,0.01,0.01,6000
N3HJ,23-Jul-2020,33,33,33,33,23900
N3HK,23-Jul-2020,49,49,49,49,59100
N3HL,23-Jul-2020,64,64,64,64,44200
N3HM,23-Jul-2020,11,11,11,11,14400
N3HN,23-Jul-2020,124,124,124,124,117800
N3HO,23-Jul-2020,102,102,102,102,97800
N3HP,23-Jul-2020,89,89,89,89,41900
N3HU,23-Jul-2020,250,250,250,250,185400
N3LA,23-Jul-2020,3,3,3,3,59600
N3LB,23-Jul-2020,1,1,1,1,39200
N3LC,23-Jul-2020,0.01,0.01,0.01,0.01,10300
N3LD,23-Jul-2020,0.01,0.01,0.01,0.01,3000
N3LE,23-Jul-2020,0.01,0.01,0.01,0.01,6400
N3LF,23-Jul-2020,0.01,0.01,0.01,0.01,2000
N3LG,23-Jul-2020,0.01,0.01,0.01,0.01,1500
N3LH,23-Jul-2020,2,2,2,2,21900
N3LI,23-Jul-2020,0.01,0.01,0.01,0.01,6000
N3LJ,23-Jul-2020,3,3,3,3,23900
N3LK,23-Jul-2020,8,8,8,8,59100
N3LL,23-Jul-2020,4,4,4,4,44200
N3LM,23-Jul-2020,4,4,4,4,14400
N3LN,23-Jul-2020,16,16,16,16,117800
N3LO,23-Jul-2020,9,9,9,9,97800
N3LP,23-Jul-2020,4,4,4,4,41900
N3LU,23-Jul-2020,38,38,38,38,185400
N5DA,23-Jul-2020,158,158,158,158,59600
N5DB,23-Jul-2020,151,151,151,151,39200
N5DC,23-Jul-2020,5,5,5,5,10300
N5DD,23-Jul-2020,3,3,3,3,3000
N5DE,23-Jul-2020,8,8,8,8,6400
N5DF,23-Jul-2020,-4,-4,-4,-4,2000
N5DG,23-Jul-2020,10,10,10,10,1500
N5DH,23-Jul-2020,-30,-30,-30,-30,21900
N5DI,23-Jul-2020,-19,-19,-19,-19,6000
N5DJ,23-Jul-2020,-4,-4,-4,-4,23900
N5DK,23-Jul-2020,-19,-19,-19,-19,59100
N5DL,23-Jul-2020,13,13,13,13,44200
N5DM,23-Jul-2020,-14,-14,-14,-14,14400
N5DN,23-Jul-2020,-20,-20,-20,-20,117800
N5DO,23-Jul-2020,96,96,96,96,97800
N5DP,23-Jul-2020,-3,-3,-3,-3,41900
N5DU,23-Jul-2020,83,83,83,83,185400
N5HA,23-Jul-2020,254,254,254,254,59600
N5HB,23-Jul-2020,199,199,199,199,39200
N5HC,23-Jul-2020,35,35,35,35,10300
N5HD,23-Jul-2020,9,9,9,9,3000
N5HE,23-Jul-2020,23,23,23,23,6400
N5HF,23-Jul-2020,5,5,5,5,2000
N5HG,23-Jul-2020,10,10,10,10,1500
N5HH,23-Jul-2020,29,29,29,29,21900
N5HI,23-Jul-2020,2,2,2,2,6000
N5HJ,23-Jul-2020,68,68,68,68,23900
N5HK,23-Jul-2020,128,128,128,128,59100
N5HL,23-Jul-2020,134,134,134,134,44200
N5HM,23-Jul-2020,38,38,38,38,14400
N5HN,23-Jul-2020,300,300,300,300,117800
N5HO,23-Jul-2020,345,345,345,345,97800
N5HP,23-Jul-2020,148,148,148,148,41900
N5HU,23-Jul-2020,528,528,528,528,185400
N5LA,23-Jul-2020,96,96,96,96,59600
N5LB,23-Jul-2020,48,48,48,48,39200
N5LC,23-Jul-2020,30,30,30,30,10300
N5LD,23-Jul-2020,6,6,6,6,3000
N5LE,23-Jul-2020,15,15,15,15,6400
N5LF,23-Jul-2020,9,9,9,9,2000
N5LG,23-Jul-2020,0.01,0.01,0.01,0.01,1500
N5LH,23-Jul-2020,59,59,59,59,21900
N5LI,23-Jul-2020,21,21,21,21,6000
N5LJ,23-Jul-2020,72,72,72,72,23900
N5LK,23-Jul-2020,147,147,147,147,59100
N5LL,23-Jul-2020,121,121,121,121,44200
N5LM,23-Jul-2020,52,52,52,52,14400
N5LN,23-Jul-2020,320,320,320,320,117800
N5LO,23-Jul-2020,249,249,249,249,97800
N5LP,23-Jul-2020,151,151,151,151,41900
N5LU,23-Jul-2020,445,445,445,445,185400
N6DA,23-Jul-2020,33,33,33,33,59600
N6DB,23-Jul-2020,30,30,30,30,39200
N6DC,23-Jul-2020,13,13,13,13,10300
N6DD,23-Jul-2020,1,1,1,1,3000
N6DE,23-Jul-2020,5,5,5,5,6400
N6DF,23-Jul-2020,2,2,2,2,2000
N6DG,23-Jul-2020,2,2,2,2,1500
N6DH,23-Jul-2020,4,4,4,4,21900
N6DI,23-Jul-2020,0.01,0.01,0.01,0.01,6000
N6DJ,23-Jul-2020,28,28,28,28,23900
N6DK,23-Jul-2020,21,21,21,21,59100
N6DL,23-Jul-2020,55,55,55,55,44200
N6DM,23-Jul-2020,11,11,11,11,14400
N6DN,23-Jul-2020,87,87,87,87,117800
N6DO,23-Jul-2020,70,70,70,70,97800
N6DP,23-Jul-2020,35,35,35,35,41900
N6DU,23-Jul-2020,143,143,143,143,185400
N6HA,23-Jul-2020,35,35,35,35,59600
N6HB,23-Jul-2020,30,30,30,30,39200
N6HC,23-Jul-2020,13,13,13,13,10300
N6HD,23-Jul-2020,1,1,1,1,3000
N6HE,23-Jul-2020,5,5,5,5,6400
N6HF,23-Jul-2020,2,2,2,2,2000
N6HG,23-Jul-2020,2,2,2,2,1500
N6HH,23-Jul-2020,4,4,4,4,21900
N6HI,23-Jul-2020,0.01,0.01,0.01,0.01,6000
N6HJ,23-Jul-2020,28,28,28,28,23900
N6HK,23-Jul-2020,23,23,23,23,59100
N6HL,23-Jul-2020,55,55,55,55,44200
N6HM,23-Jul-2020,11,11,11,11,14400
N6HN,23-Jul-2020,89,89,89,89,117800
N6HO,23-Jul-2020,71,71,71,71,97800
N6HP,23-Jul-2020,38,38,38,38,41900
N6HU,23-Jul-2020,157,157,157,157,185400
N6LA,23-Jul-2020,2,2,2,2,59600
N6LB,23-Jul-2020,0.01,0.01,0.01,0.01,39200
N6LC,23-Jul-2020,0.01,0.01,0.01,0.01,10300
N6LD,23-Jul-2020,0.01,0.01,0.01,0.01,3000
N6LE,23-Jul-2020,0.01,0.01,0.01,0.01,6400
N6LF,23-Jul-2020,0.01,0.01,0.01,0.01,2000
N6LG,23-Jul-2020,0.01,0.01,0.01,0.01,1500
N6LH,23-Jul-2020,0.01,0.01,0.01,0.01,21900
N6LI,23-Jul-2020,0.01,0.01,0.01,0.01,6000
N6LJ,23-Jul-2020,0.01,0.01,0.01,0.01,23900
N6LK,23-Jul-2020,2,2,2,2,59100
N6LL,23-Jul-2020,0.01,0.01,0.01,0.01,44200
N6LM,23-Jul-2020,0.01,0.01,0.01,0.01,14400
N6LN,23-Jul-2020,2,2,2,2,117800
N6LO,23-Jul-2020,1,1,1,1,97800
N6LP,23-Jul-2020,3,3,3,3,41900
N6LU,23-Jul-2020,14,14,14,14,185400
NADA,23-Jul-2020,27,27,27,27,59600
NADB,23-Jul-2020,27,27,27,27,39200
NADC,23-Jul-2020,12,12,12,12,10300
NADD,23-Jul-2020,1,1,1,1,3000
NADE,23-Jul-2020,4,4,4,4,6400
NADF,23-Jul-2020,1,1,1,1,2000
NADG,23-Jul-2020,2,2,2,2,1500
NADH,23-Jul-2020,1,1,1,1,21900
NADI,23-Jul-2020,0.01,0.01,0.01,0.01,6000
NADJ,23-Jul-2020,25,25,25,25,23900
NADK,23-Jul-2020,14,14,14,14,59100
NADL,23-Jul-2020,46,46,46,46,44200
NADM,23-Jul-2020,5,5,5,5,14400
NADN,23-Jul-2020,65,65,65,65,117800
NADO,23-Jul-2020,60,60,60,60,97800
NADP,23-Jul-2020,33,33,33,33,41900
NADU,23-Jul-2020,102,102,102,102,185400
NAHA,23-Jul-2020,29,29,29,29,59600
NAHB,23-Jul-2020,27,27,27,27,39200
NAHC,23-Jul-2020,12,12,12,12,10300
NAHD,23-Jul-2020,1,1,1,1,3000
NAHE,23-Jul-2020,4,4,4,4,6400
NAHF,23-Jul-2020,1,1,1,1,2000
NAHG,23-Jul-2020,2,2,2,2,1500
NAHH,23-Jul-2020,1,1,1,1,21900
NAHI,23-Jul-2020,0.01,0.01,0.01,0.01,6000
NAHJ,23-Jul-2020,25,25,25,25,23900
NAHK,23-Jul-2020,16,16,16,16,59100
NAHL,23-Jul-2020,46,46,46,46,44200
NAHM,23-Jul-2020,5,5,5,5,14400
NAHN,23-Jul-2020,67,67,67,67,117800
NAHO,23-Jul-2020,61,61,61,61,97800
NAHP,23-Jul-2020,36,36,36,36,41900
NAHU,23-Jul-2020,116,116,116,116,185400
NALA,23-Jul-2020,2,2,2,2,59600
NALB,23-Jul-2020,0.01,0.01,0.01,0.01,39200
NALC,23-Jul-2020,0.01,0.01,0.01,0.01,10300
NALD,23-Jul-2020,0.01,0.01,0.01,0.01,3000
NALE,23-Jul-2020,0.01,0.01,0.01,0.01,6400
NALF,23-Jul-2020,0.01,0.01,0.01,0.01,2000
NALG,23-Jul-2020,0.01,0.01,0.01,0.01,1500
NALH,23-Jul-2020,0.01,0.01,0.01,0.01,21900
NALI,23-Jul-2020,0.01,0.01,0.01,0.01,6000
NALJ,23-Jul-2020,0.01,0.01,0.01,0.01,23900
NALK,23-Jul-2020,2,2,2,2,59100
NALL,23-Jul-2020,0.01,0.01,0.01,0.01,44200
NALM,23-Jul-2020,0.01,0.01,0.01,0.01,14400
NALN,23-Jul-2020,2,2,2,2,117800
NALO,23-Jul-2020,1,1,1,1,97800
NALP,23-Jul-2020,3,3,3,3,41900
NALU,23-Jul-2020,14,14,14,14,185400
NAST,23-Jul-2020,4754.18,4799.23,4729.31,4761.63,0
NBI,23-Jul-2020,4470.16,4492.54,4367.33,4378.3,0
NCFD,23-Jul-2020,57.14,70.92,45.69,51.77,0
NCFI,23-Jul-2020,67.88,73.15,66.76,68.49,0
NCOF,23-Jul-2020,80.14,82.67,80.04,80.85,0
NCOH,23-Jul-2020,57.95,59.57,57.14,57.75,0
NCTH,23-Jul-2020,55.11,55.72,54,54.81,0
NCTW,23-Jul-2020,71.93,76.49,65.95,68.79,0
NDFD,23-Jul-2020,61.16,65.04,28.15,33,0
NDFI,23-Jul-2020,89.32,91.26,86.4,86.4,0
NDOF,23-Jul-2020,95.14,96.11,93.2,94.17,0
NDOH,23-Jul-2020,84.46,84.46,82.52,83.49,0
NDTH,23-Jul-2020,81.55,82.52,80.58,81.55,0
NDTW,23-Jul-2020,84.46,90.29,61.16,66.99,0
NDXT,23-Jul-2020,6251.65,6314.64,6127.07,6160.96,0
NDXX,23-Jul-2020,3945.63,3956.98,3867.32,3883.81,0
NDY,23-Jul-2020,10853.16,10885.38,10531.21,10580.59,0
NQGM,23-Jul-2020,3060.65,3095.28,2977.95,2999.9,0
NQGS,23-Jul-2020,5052.25,5070.33,4918.68,4943.7,0
NSHD,23-Jul-2020,4,1827,4,1541,0
NSHF,23-Jul-2020,3,784,-690,-114,0
NSHR,23-Jul-2020,1.75,2.25,0.62,0.92,0
NSHU,23-Jul-2020,7,1853,7,1427,0
NVLD,23-Jul-2020,0.3,2052.78,0.3,2023.37,0
NVLF,23-Jul-2020,3.71,589.84,-1111.95,-498.57,0
NVLR,23-Jul-2020,13.18,13.27,0.37,0.75,0
NVLU,23-Jul-2020,4.02,1524.8,4.02,1524.8,0
NXTQ,23-Jul-2020,656.92,663.17,645.06,649.03,0
NYA,23-Jul-2020,12567.17,12617.18,12459.06,12510.87,0
NYDA,23-Jul-2020,30,30,30,30,59600
NYDB,23-Jul-2020,30,30,30,30,39200
NYDC,23-Jul-2020,13,13,13,13,10300
NYDD,23-Jul-2020,1,1,1,1,3000
NYDE,23-Jul-2020,4,4,4,4,6400
NYDF,23-Jul-2020,1,1,1,1,2000
NYDG,23-Jul-2020,2,2,2,2,1500
NYDH,23-Jul-2020,3,3,3,3,21900
NYDI,23-Jul-2020,0.01,0.01,0.01,0.01,6000
NYDJ,23-Jul-2020,26,26,26,26,23900
NYDK,23-Jul-2020,19,19,19,19,59100
NYDL,23-Jul-2020,53,53,53,53,44200
NYDM,23-Jul-2020,10,10,10,10,14400
NYDN,23-Jul-2020,82,82,82,82,117800
NYDO,23-Jul-2020,68,68,68,68,97800
NYDP,23-Jul-2020,34,34,34,34,41900
NYDU,23-Jul-2020,131,131,131,131,185400
NYHA,23-Jul-2020,32,32,32,32,59600
NYHB,23-Jul-2020,30,30,30,30,39200
NYHC,23-Jul-2020,13,13,13,13,10300
NYHD,23-Jul-2020,1,1,1,1,3000
NYHE,23-Jul-2020,4,4,4,4,6400
NYHF,23-Jul-2020,1,1,1,1,2000
NYHG,23-Jul-2020,2,2,2,2,1500
NYHH,23-Jul-2020,3,3,3,3,21900
NYHI,23-Jul-2020,0.01,0.01,0.01,0.01,6000
NYHJ,23-Jul-2020,26,26,26,26,23900
NYHK,23-Jul-2020,21,21,21,21,59100
NYHL,23-Jul-2020,53,53,53,53,44200
NYHM,23-Jul-2020,10,10,10,10,14400
NYHN,23-Jul-2020,84,84,84,84,117800
NYHO,23-Jul-2020,69,69,69,69,97800
NYHP,23-Jul-2020,37,37,37,37,41900
NYHU,23-Jul-2020,145,145,145,145,185400
NYLA,23-Jul-2020,2,2,2,2,59600
NYLB,23-Jul-2020,0.01,0.01,0.01,0.01,39200
NYLC,23-Jul-2020,0.01,0.01,0.01,0.01,10300
NYLD,23-Jul-2020,0.01,0.01,0.01,0.01,3000
NYLE,23-Jul-2020,0.01,0.01,0.01,0.01,6400
NYLF,23-Jul-2020,0.01,0.01,0.01,0.01,2000
NYLG,23-Jul-2020,0.01,0.01,0.01,0.01,1500
NYLH,23-Jul-2020,0.01,0.01,0.01,0.01,21900
NYLI,23-Jul-2020,0.01,0.01,0.01,0.01,6000
NYLJ,23-Jul-2020,0.01,0.01,0.01,0.01,23900
NYLK,23-Jul-2020,2,2,2,2,59100
NYLL,23-Jul-2020,0.01,0.01,0.01,0.01,44200
NYLM,23-Jul-2020,0.01,0.01,0.01,0.01,14400
NYLN,23-Jul-2020,2,2,2,2,117800
NYLO,23-Jul-2020,1,1,1,1,97800
NYLP,23-Jul-2020,3,3,3,3,41900
NYLU,23-Jul-2020,14,14,14,14,185400
OEX,23-Jul-2020,1506.7,1510,1478.13,1483.69,1129931000
OFIN,23-Jul-2020,9393.88,9444.53,9271.29,9321.05,0
OILBR,23-Jul-2020,44.29,44.29,43.27,43.27,0
OILSW,23-Jul-2020,41.95,41.95,41.05,41.05,577772
ONE,23-Jul-2020,1506.7,1510,1478.13,1483.69,0
OSX,23-Jul-2020,35.48,37.14,35.48,37.09,0
OVX,23-Jul-2020,41.3,44.19,40.1,43.83,0
PLD,23-Jul-2020,2215.2,2245.1,2198.5,2239.8,2038
PLT,23-Jul-2020,962.4,974.9,944.4,963.8,27623
QSHD,23-Jul-2020,8,2236,8,2062,0
QSHF,23-Jul-2020,8,922,-1160,-784,0
QSHR,23-Jul-2020,2,2,0.48,0.61,0
QSHU,23-Jul-2020,16,2055,16,1278,0
QVLD,23-Jul-2020,1.88,2027.56,1.88,2027.56,0
QVLF,23-Jul-2020,2.51,449.93,-713.73,-282.1,0
QVLR,23-Jul-2020,2.33,3.81,0.59,0.86,0
QVLU,23-Jul-2020,4.39,1745.45,4.39,1745.45,0
R1FD,23-Jul-2020,78.1,82.48,58.8,63.98,0
R1FI,23-Jul-2020,77.61,81.29,74.72,77.11,0
R1OF,23-Jul-2020,87.76,89.35,86.26,87.96,0
R1OH,23-Jul-2020,59.2,60.59,58.4,59.4,0
R1TH,23-Jul-2020,53.13,54.12,52.13,52.63,0
R1TW,23-Jul-2020,85.67,87.56,79.7,80.59,0
R2FD,23-Jul-2020,55.53,69.56,50.15,56.66,0
R2FI,23-Jul-2020,58.85,62.87,58.09,59.83,0
R2OF,23-Jul-2020,69.16,72.38,69.16,70.2,0
R2OH,23-Jul-2020,44.86,46.68,44.46,44.94,0
R2TH,23-Jul-2020,40.09,41.59,39.88,40.46,0
R2TW,23-Jul-2020,65.04,70.57,62.87,65.57,0
R3FD,23-Jul-2020,63.99,74.88,54.63,60.46,0
R3FI,23-Jul-2020,66.35,70.4,64.92,66.95,0
R3OF,23-Jul-2020,75.99,78.86,75.77,77.02,0
R3OH,23-Jul-2020,49.19,50.84,48.62,49.35,0
R3TH,23-Jul-2020,43.35,44.75,42.95,43.58,0
R3TW,23-Jul-2020,73.48,77.74,70.15,72.36,0
RTCM,23-Jul-2020,193.29,193.57,190.97,191.27,7175000
RTRE,23-Jul-2020,149.42,149.67,147.62,147.72,5887100
S1FD,23-Jul-2020,70.29,72.27,49.5,51.48,0
S1FI,23-Jul-2020,84.15,88.11,80.19,82.17,0
S1OF,23-Jul-2020,92.07,93.06,86.13,92.07,0
S1OH,23-Jul-2020,60.39,60.39,60.39,60.39,0
S1TH,23-Jul-2020,54.45,55.44,54.45,54.45,0
S1TR,23-Jul-2020,180.57,185.25,180.18,182.79,0
S1TW,23-Jul-2020,84.15,87.12,73.26,73.26,0
S2TR,23-Jul-2020,505.5,511.85,501.88,509.84,0
S3TR,23-Jul-2020,1087.47,1095.54,1080.09,1083.81,0
S4FD,23-Jul-2020,76.88,87.18,65.07,74.37,0
S4FI,23-Jul-2020,71.6,76.13,69.09,70.85,0
S4OF,23-Jul-2020,81.4,84.67,81.15,82.41,0
S4OH,23-Jul-2020,52.51,53.76,51,52.51,0
S4TH,23-Jul-2020,42.21,44.47,41.45,42.46,0
S4TR,23-Jul-2020,570.14,585.64,570.14,576.25,0
S4TW,23-Jul-2020,84.92,88.19,82.16,83.91,0
S5FD,23-Jul-2020,80.59,81.38,63.56,66.53,0
S5FI,23-Jul-2020,80,83.96,77.82,80.39,0
S5OF,23-Jul-2020,87.52,89.3,85.54,87.72,0
S5OH,23-Jul-2020,60.39,60.99,58.81,60,0
S5TH,23-Jul-2020,54.25,55.04,53.46,53.66,0
S5TR,23-Jul-2020,524.38,534.95,520.58,525.03,0
S5TW,23-Jul-2020,87.32,88.31,81.98,82.37,0
S6CD,23-Jul-2020,544.1,554.48,535.84,543.53,0
S6CS,23-Jul-2020,1840.73,1862.18,1838.91,1850.05,0
S6EP,23-Jul-2020,128.51,132.88,127.66,132.62,0
S6FD,23-Jul-2020,65.66,80,62.33,72.5,0
S6FI,23-Jul-2020,65.33,72.66,65.33,68.83,0
S6FP,23-Jul-2020,731.07,739.73,728.08,735.99,0
S6HC,23-Jul-2020,3043.13,3088.29,3018.69,3046.78,0
S6IP,23-Jul-2020,1011.06,1032.58,1011.06,1025.75,0
S6MP,23-Jul-2020,415.58,422.52,415.33,419.13,0
S6OF,23-Jul-2020,73.16,78,72.83,76,0
S6OH,23-Jul-2020,42.33,45.66,42.33,44.16,0
S6TH,23-Jul-2020,36.33,38.16,36.33,37.33,0
S6TP,23-Jul-2020,783.89,798.21,779.95,787.12,0
S6TR,23-Jul-2020,1567.26,1567.26,1527.38,1539.46,0
S6TW,23-Jul-2020,75.5,82.16,73.83,78.66,0
S6UP,23-Jul-2020,631.62,634.92,627.5,632.83,0
S7TR,23-Jul-2020,1032.61,1036.86,1026.27,1030.28,0
S8TR,23-Jul-2020,545.91,547.52,538.31,544.76,0
S9TR,23-Jul-2020,750.28,752.26,743.07,745.09,0
SAAB,23-Jul-2020,1648.44,1652.71,1641.13,1646.06,0
SACC,23-Jul-2020,3553.95,3604.79,3540.18,3587.24,0
SACN,23-Jul-2020,339.54,343.58,337.19,339.35,0
SAER,23-Jul-2020,58.11,58.15,57.58,57.78,0
SAIE,23-Jul-2020,178.81,179.58,176.34,177.46,0
SAIU,23-Jul-2020,158.77,159.99,157.27,158.2,0
SAJR,23-Jul-2020,154.01,155.86,153.25,155.8,0
SAJT,23-Jul-2020,110.24,111.6,109.73,111.56,0
SAPE,23-Jul-2020,3492.98,3506.91,3480.54,3501.83,0
SAPT,23-Jul-2020,105.18,106.39,104.72,106.24,0
SAPU,23-Jul-2020,2934.17,2945.44,2923.37,2934.65,0
SAQA,23-Jul-2020,4440.01,4471.83,4424.73,4448.98,0
SAQE,23-Jul-2020,3400.63,3411.72,3386.49,3396.88,0
SAUE,23-Jul-2020,130.72,130.79,129.52,129.98,0
SBAI,23-Jul-2020,84.85,84.85,82.08,82.24,0
SBER,23-Jul-2020,38.89,38.92,38.64,38.72,0
SBES,23-Jul-2020,1418.65,1425.6,1411.61,1423.67,0
SBFD,23-Jul-2020,89.28,96.42,57.14,67.85,0
SBFI,23-Jul-2020,100,100,96.42,96.42,0
SBIX,23-Jul-2020,248.02,251.62,246.72,250.63,201462900
SBNP,23-Jul-2020,2834.39,2920.62,2793.8,2793.8,0
SBOF,23-Jul-2020,100,100,100,100,0
SBOH,23-Jul-2020,82.14,85.71,78.57,82.14,0
SBSE,23-Jul-2020,2465.64,2492.64,2450.88,2460.27,0
SBSU,23-Jul-2020,2143.27,2169.01,2135.4,2143.02,0
SBTH,23-Jul-2020,67.85,67.85,64.28,64.28,0
SBTR,23-Jul-2020,43.08,43.11,42.8,42.89,0
SBTW,23-Jul-2020,100,100,100,100,0
SBUP,23-Jul-2020,5518.73,5585.78,5518.73,5549.27,0
SCBR,23-Jul-2020,48.16,48.83,48.15,48.31,0
SCII,23-Jul-2020,59.65,60.04,59.42,59.59,0
SCIR,23-Jul-2020,220.27,222.45,218.38,221.32,0
SCIS,23-Jul-2020,215.59,217.72,213.74,216.62,0
SCIT,23-Jul-2020,398.28,402.23,394.81,400.18,0
SCPC,23-Jul-2020,2642.72,2642.72,2602.49,2617.91,0
SCRC,23-Jul-2020,4481.27,4577.16,4481.27,4557.06,0
SCRE,23-Jul-2020,4832.02,4850.78,4802.78,4844.38,0
SCSC,23-Jul-2020,4094.08,4107.67,4001.29,4091.51,0
SCSE,23-Jul-2020,4000.5,4006.66,3915.06,3989.11,0
SCUT,23-Jul-2020,1447.99,1447.99,1423.07,1439.61,0
SCWI,23-Jul-2020,172.36,173.03,169.62,170.51,0
SCWP,23-Jul-2020,268.53,270.11,268.05,268.3,0
SDEW,23-Jul-2020,1416.89,1433.95,1409.38,1420.98,0
SDIP,23-Jul-2020,111.99,112.55,111.87,112.44,0
SDIS,23-Jul-2020,120.02,120.62,119.9,120.5,0
SDIT,23-Jul-2020,139.12,139.81,138.98,139.68,0
SDPI,23-Jul-2020,1570.63,1581.08,1567.87,1571.2,0
SDTI,23-Jul-2020,1949.4,1961.18,1944.79,1948.92,0
SDTR,23-Jul-2020,1411.8,1421.68,1411.8,1419.49,0
SDTS,23-Jul-2020,1047.23,1048.57,1043.67,1044.52,0
SDTT,23-Jul-2020,1285.01,1286.86,1280.84,1281.89,0
SEAN,23-Jul-2020,707.71,712.52,706.41,712.33,0
SEBI,23-Jul-2020,2015.09,2025.23,2007.41,2019.39,0
SECA,23-Jul-2020,198.1,199.51,196.4,196.72,0
SECB,23-Jul-2020,169.26,170.47,167.81,168.08,0
SECC,23-Jul-2020,306.09,308.21,303.38,303.89,0
SEFD,23-Jul-2020,88.46,88.46,65.38,80.76,0
SEFI,23-Jul-2020,46.15,46.15,34.61,46.15,0
SEIB,23-Jul-2020,2368.37,2376.6,2358.74,2367.27,0
SEIE,23-Jul-2020,270.1,272.5,269.33,270.39,0
SEIT,23-Jul-2020,143.85,144.92,143.19,143.67,0
SEIU,23-Jul-2020,265.42,268.57,265.33,266.28,0
SEMT,23-Jul-2020,1575.81,1600.15,1575.49,1591.74,0
SEOF,23-Jul-2020,80.76,84.61,76.92,84.61,0
SEOH,23-Jul-2020,11.53,15.38,3.84,15.38,0
SETH,23-Jul-2020,3.84,3.84,3.84,3.84,0
SETW,23-Jul-2020,84.61,84.61,69.23,73.07,0
SFFD,23-Jul-2020,83.33,86.36,69.69,74.24,0
SFFI,23-Jul-2020,74.24,89.39,66.66,78.78,0
SFOF,23-Jul-2020,87.87,92.42,86.36,89.39,0
SFOH,23-Jul-2020,34.84,34.84,34.84,34.84,0
SFTH,23-Jul-2020,30.3,30.3,28.78,28.78,0
SFTR,23-Jul-2020,1807.66,1819.07,1789.61,1794.94,0
SFTW,23-Jul-2020,93.93,93.93,87.87,89.39,0
SG0A,23-Jul-2020,242.08,242.24,240.92,241.35,0
SG0B,23-Jul-2020,52.22,52.25,51.97,52.06,0
SG0C,23-Jul-2020,571.21,571.59,568.52,569.48,0
SG0D,23-Jul-2020,27.95,27.98,27.74,27.85,0
SG0E,23-Jul-2020,305.82,306.11,303.52,304.73,0
SG0F,23-Jul-2020,371.62,373.52,368.02,368.65,0
SG0G,23-Jul-2020,306.91,308.47,303.93,304.46,0
SG0H,23-Jul-2020,3357.57,3374.68,3325.7,3330.71,0
SG0I,23-Jul-2020,240.27,242.93,234.36,235.49,0
SG1A,23-Jul-2020,365.99,370.04,356.95,358.71,0
SG1B,23-Jul-2020,337.46,338.14,332.47,333.66,0
SG1C,23-Jul-2020,7.53,7.54,7.42,7.44,0
SG1D,23-Jul-2020,82.43,82.59,81.23,81.5,0
SG1E,23-Jul-2020,106.89,107.94,106.41,107.45,0
SG1F,23-Jul-2020,21.41,21.62,21.32,21.53,0
SG1G,23-Jul-2020,45.73,46.18,45.53,45.97,0
SG1H,23-Jul-2020,149.53,150.9,147.96,148.75,0
SG1I,23-Jul-2020,58.97,59.51,58.35,58.66,0
SG1J,23-Jul-2020,128.54,129.97,125.38,125.99,0
SG2A,23-Jul-2020,379.23,383.57,370.21,371.66,0
SG2B,23-Jul-2020,241.85,244.62,236.1,237.02,0
SG2C,23-Jul-2020,355.72,359.79,347.26,348.61,0
SG2D,23-Jul-2020,86.6,87.54,85.46,86.48,0
SG2E,23-Jul-2020,7.68,7.76,7.58,7.67,0
SG2F,23-Jul-2020,27.71,28.01,27.34,27.67,0
SG2G,23-Jul-2020,83.44,84.13,81.74,82.78,0
SG2H,23-Jul-2020,6.58,6.64,6.45,6.53,0
SG2I,23-Jul-2020,33.48,33.76,32.8,33.22,0
SG2J,23-Jul-2020,72.23,72.89,71.47,71.85,0
SG3A,23-Jul-2020,554.18,559.77,549.69,559.34,0
SG3B,23-Jul-2020,4000.4,4040.77,3968.36,4037.69,0
SG3C,23-Jul-2020,270.38,272.03,268.31,270.79,0
SG3D,23-Jul-2020,4.85,4.88,4.81,4.86,0
SG3E,23-Jul-2020,53.12,53.44,52.71,53.2,0
SG3F,23-Jul-2020,88.98,89.44,87.97,88.1,0
SG3G,23-Jul-2020,35.08,35.26,34.68,34.73,0
SG3H,23-Jul-2020,253.22,254.51,250.39,250.71,0
SG3I,23-Jul-2020,229.63,232.16,223.82,225.09,0
SG3J,23-Jul-2020,460.09,464.73,456.36,464.37,0
SG4A,23-Jul-2020,183.12,185.13,178.49,179.5,0
SG4B,23-Jul-2020,246.93,249.51,244.6,245.23,0
SG4C,23-Jul-2020,58.26,58.87,57.71,57.86,0
SG4D,23-Jul-2020,105.55,106.62,104.52,104.79,0
SG4E,23-Jul-2020,61.88,62.6,60.8,61.01,0
SG4F,23-Jul-2020,243.71,246.53,239.4,240.29,0
SG4G,23-Jul-2020,169.25,170.82,168.9,169.13,0
SG4H,23-Jul-2020,98.41,99.32,98.2,98.34,0
SG4I,23-Jul-2020,125.56,126.73,125.3,125.48,0
SG4J,23-Jul-2020,64.31,65.02,62.69,63.04,0
SG5A,23-Jul-2020,207.13,211.75,206.17,206.45,0
SG5B,23-Jul-2020,304.65,311.45,303.25,303.65,0
SG5C,23-Jul-2020,1101.88,1121.85,1100.6,1116.32,0
SG5D,23-Jul-2020,141.27,143.83,141.11,143.12,0
SG5E,23-Jul-2020,968.18,984.01,965.37,979.16,0
SG5F,23-Jul-2020,316.59,317.27,314.08,315.87,0
SG5G,23-Jul-2020,17.63,17.67,17.5,17.59,0
SG5H,23-Jul-2020,192.97,193.38,191.47,192.53,0
SG5I,23-Jul-2020,155.57,157.66,152.79,153.23,0
SG5J,23-Jul-2020,353.36,361.25,351.73,352.2,0
SG6A,23-Jul-2020,488.68,495.24,479.98,481.32,0
SG6B,23-Jul-2020,164.18,166.22,163.26,165.98,0
SG6C,23-Jul-2020,1185.28,1200.04,1178.65,1198.28,0
SG6D,23-Jul-2020,137.68,137.91,135.38,135.45,0
SG6E,23-Jul-2020,11.95,11.97,11.75,11.76,0
SG6F,23-Jul-2020,17.59,17.62,17.29,17.3,0
SG6G,23-Jul-2020,270.07,275.55,270.07,273.19,0
SG6H,23-Jul-2020,160.3,163.55,160.3,162.15,0
SG6I,23-Jul-2020,290.34,296.22,290.34,293.68,0
SG6J,23-Jul-2020,124.1,125.77,121.88,122.23,0
SG7A,23-Jul-2020,6.65,6.86,6.65,6.77,0
SG7B,23-Jul-2020,50.53,52.14,50.53,51.49,0
SG7C,23-Jul-2020,339.4,341.28,338.58,339.2,0
SG7D,23-Jul-2020,150.39,151.18,149.99,150.27,0
SG7E,23-Jul-2020,1644.69,1653.33,1640.3,1643.28,0
SG7F,23-Jul-2020,360.83,362.2,356.22,356.99,0
SG7G,23-Jul-2020,284.31,285.39,280.68,281.29,0
SG7H,23-Jul-2020,3110.36,3122.13,3070.64,3077.26,0
SG7I,23-Jul-2020,117.63,118.61,117.3,117.43,0
SG7J,23-Jul-2020,73.43,75.78,73.43,74.82,0
SG8A,23-Jul-2020,80.43,86.71,80.34,85.91,0
SG8B,23-Jul-2020,4.03,4.34,4.02,4.3,0
SG8C,23-Jul-2020,7.63,8.22,7.62,8.15,0
SG8D,23-Jul-2020,210.75,219.81,209.85,219.62,0
SG8E,23-Jul-2020,168.5,175.74,167.78,175.6,0
SG8F,23-Jul-2020,328.79,342.93,327.39,342.64,0
SG8G,23-Jul-2020,140.72,141.43,140.26,141.11,0
SG8H,23-Jul-2020,324.14,325.87,323.18,325.15,0
SG8I,23-Jul-2020,1538.98,1546.7,1533.92,1543.27,0
SG8J,23-Jul-2020,1286.54,1297.26,1282.87,1284.34,0
SG9A,23-Jul-2020,38.1,38.41,37.77,37.85,0
SG9B,23-Jul-2020,65.24,65.77,64.69,64.82,0
SG9C,23-Jul-2020,351.85,354.57,348.47,349.14,0
SG9D,23-Jul-2020,250.77,252.65,248.29,248.79,0
SG9E,23-Jul-2020,2719.58,2739.93,2692.66,2698.1,0
SG9F,23-Jul-2020,139.48,140.52,138.18,138.46,0
SG9G,23-Jul-2020,49.97,50.34,49.5,49.6,0
SG9H,23-Jul-2020,436.4,439.63,432.28,433.18,0
SG9I,23-Jul-2020,153.14,154.83,149.51,150.16,0
SG9J,23-Jul-2020,167.12,168.52,165.75,166.08,0
SGAA,23-Jul-2020,1345.22,1351.55,1342.36,1347.85,0
SGAB,23-Jul-2020,1387.25,1388.57,1383.14,1386.96,0
SGAC,23-Jul-2020,3989.33,4033.92,3984.49,4016.16,0
SGAD,23-Jul-2020,4114.68,4142.05,4105.36,4132.72,0
SGCC,23-Jul-2020,198.81,200.34,197.29,197.65,0
SGCR,23-Jul-2020,139.96,142.06,139.34,141.66,0
SGDO,23-Jul-2020,138.67,138.99,137.79,138.03,0
SGIA,23-Jul-2020,141.32,141.67,139.2,140.44,0
SGIB,23-Jul-2020,1203.96,1208.46,1170.33,1175.99,0
SGID,23-Jul-2020,1222.17,1233.99,1192.8,1197.16,0
SGIF,23-Jul-2020,222.14,226.79,222.14,224.69,0
SGIR,23-Jul-2020,129.87,131.69,129.31,131.31,0
SGJ,23-Jul-2020,140.73,142.37,138.26,138.76,0
SGK,23-Jul-2020,271.32,271.58,269.25,270.35,0
SGLN,23-Jul-2020,306.68,308.67,304.07,304.81,0
SGMA,23-Jul-2020,208.56,211.47,207.66,210.86,0
SGME,23-Jul-2020,1498.21,1507.4,1497.1,1497.62,0
SGMU,23-Jul-2020,1180.65,1187.79,1179.66,1180.39,0
SGON,23-Jul-2020,409.29,410.2,406.66,407.37,0
SGP,23-Jul-2020,2464.26,2506.2,2456.52,2491.81,0
SGPA,23-Jul-2020,233.85,237.36,232.81,236.7,0
SGPG,23-Jul-2020,128.04,128.14,127.14,127.58,0
SGPP,23-Jul-2020,45.27,45.6,44.91,44.99,0
SGPR,23-Jul-2020,39.55,39.57,39.27,39.4,0
SGPT,23-Jul-2020,82.04,82.66,81.39,81.55,0
SGQA,23-Jul-2020,526.9,532.69,514.33,516.62,0
SGQB,23-Jul-2020,154.28,156.13,150.92,151.51,0
SGQC,23-Jul-2020,145.37,147.1,142.18,142.75,0
SGQD,23-Jul-2020,572.41,579.23,559.84,562.1,0
SGQE,23-Jul-2020,232.03,235.49,230.83,234.15,0
SGQF,23-Jul-2020,2180.44,2212.93,2169.17,2200.33,0
SGQG,23-Jul-2020,343.99,346.24,342.56,342.98,0
SGQH,23-Jul-2020,155.02,155.99,154.33,154.52,0
SGQI,23-Jul-2020,1695.23,1705.83,1687.64,1689.79,0
SGQJ,23-Jul-2020,133.81,135.28,130.62,131.2,0
SGRC,23-Jul-2020,125.27,126.7,124.72,126.53,0
SGRE,23-Jul-2020,94.11,95.19,93.7,95.06,0
SGRG,23-Jul-2020,21.87,21.88,21.71,21.79,0
SGRM,23-Jul-2020,138.84,139.15,137.33,138.18,0
SGRT,23-Jul-2020,64.95,64.98,64.35,64.58,0
SGSA,23-Jul-2020,1130.07,1141.84,1103.51,1122.46,0
SGSB,23-Jul-2020,80.76,81.21,78.45,79.84,0
SGSC,23-Jul-2020,759.25,763.49,737.53,750.53,0
SGSD,23-Jul-2020,355.53,357.61,354.73,357.31,0
SGSE,23-Jul-2020,158.46,159.68,157.24,157.53,0
SGSF,23-Jul-2020,300.52,302.28,299.85,302.03,0
SGSG,23-Jul-2020,3288.88,3308.16,3281.54,3305.41,0
SGSH,23-Jul-2020,124.84,124.94,123.36,123.89,0
SGSJ,23-Jul-2020,7.88,7.89,7.79,7.82,0
SGSK,23-Jul-2020,74.13,74.26,73.26,73.57,0
SGSM,23-Jul-2020,146.45,147.16,146.04,146.56,0
SGSN,23-Jul-2020,1601.62,1609.41,1597.11,1602.81,0
SGSO,23-Jul-2020,267.68,270.99,262.09,262.58,0
SGSP,23-Jul-2020,636.24,644.11,622.96,624.12,0
SGSQ,23-Jul-2020,1708.14,1727.78,1670.5,1674.15,0
SGSR,23-Jul-2020,362.67,363.69,357.59,359.28,0
SGSS,23-Jul-2020,6.77,6.79,6.68,6.71,0
SGST,23-Jul-2020,74.18,74.39,73.18,73.49,0
SGSU,23-Jul-2020,174.2,176.64,173.01,176.26,0
SGSV,23-Jul-2020,54.78,55.55,54.41,55.43,0
SGSW,23-Jul-2020,116.98,118.62,116.18,118.36,0
SGSX,23-Jul-2020,332.91,334.63,332.07,333.26,0
SGT,23-Jul-2020,1733.18,1746.12,1719.4,1722.69,0
SGTR,23-Jul-2020,253.3,256.88,251.95,256.16,0
SGV,23-Jul-2020,235.8,237.76,235.08,235.39,0
SGWT,23-Jul-2020,133.76,134.78,133.53,133.74,0
SGX,23-Jul-2020,343.67,346.31,341.04,341.65,0
SGY,23-Jul-2020,320.11,324.09,318.32,323.62,0
SHTR,23-Jul-2020,1721.31,1741.29,1713.14,1720.23,0
SIDO,23-Jul-2020,1910.39,1916.66,1903.95,1906.37,0
SIFD,23-Jul-2020,82.19,89.04,67.12,78.08,0
SIFI,23-Jul-2020,89.04,95.89,89.04,90.41,0
SIIP,23-Jul-2020,99.79,99.99,99.77,99.92,0
SIIS,23-Jul-2020,105.5,105.71,105.48,105.64,0
SIIT,23-Jul-2020,123.97,124.22,123.95,124.13,0
SIOF,23-Jul-2020,90.41,94.52,89.04,91.78,0
SIOH,23-Jul-2020,72.6,72.6,69.86,71.23,0
SIPR,23-Jul-2020,1223.33,1242.48,1223.33,1235.95,0
SIRP,23-Jul-2020,112.34,112.95,112.03,112.05,0
SITH,23-Jul-2020,65.75,65.75,63.01,63.01,0
SITR,23-Jul-2020,583.44,586.48,580.47,582.74,0
SITW,23-Jul-2020,91.78,100,90.41,91.78,0
SIUT,23-Jul-2020,10.6,10.94,10.57,10.86,0
SJTR,23-Jul-2020,2006.14,2022.32,1955.79,1968.86,0
SKFD,23-Jul-2020,77.46,87.32,49.29,56.33,0
SKFI,23-Jul-2020,87.32,94.36,85.91,87.32,0
SKOF,23-Jul-2020,94.36,97.18,94.36,97.18,0
SKOH,23-Jul-2020,78.87,80.28,77.46,78.87,0
SKTH,23-Jul-2020,73.23,76.05,71.83,73.23,0
SKTR,23-Jul-2020,684.38,689.18,678.38,682.56,0
SKTW,23-Jul-2020,85.91,97.18,71.83,73.23,0
SLAC,23-Jul-2020,4340.13,4340.13,4199.86,4209.16,0
SLCN,23-Jul-2020,295.69,296.23,291.13,292.17,0
SLCT,23-Jul-2020,411.34,412.08,404.98,406.43,0
SLCU,23-Jul-2020,372.56,373.23,366.8,368.11,0
SLEE,23-Jul-2020,101.2,101.6,100.8,100.93,0
SLER,23-Jul-2020,45.62,45.8,45.44,45.5,0
SLEW,23-Jul-2020,978.82,993.65,976.23,986.94,0
SLFD,23-Jul-2020,70.37,70.37,40.74,40.74,0
SLFI,23-Jul-2020,77.77,81.48,70.37,81.48,0
SLOF,23-Jul-2020,81.48,88.88,74.07,81.48,0
SLOH,23-Jul-2020,59.25,59.25,55.55,59.25,0
SLPE,23-Jul-2020,1041.33,1045.31,1032.91,1037.04,0
SLPX,23-Jul-2020,135.98,136.1,132.94,134.36,0
SLRT,23-Jul-2020,50.99,51.19,50.79,50.85,0
SLTH,23-Jul-2020,55.55,55.55,55.55,55.55,0
SLTW,23-Jul-2020,85.18,85.18,77.77,77.77,0
SLUN,23-Jul-2020,9117.07,9139.86,8821.71,8893.42,0
SLUT,23-Jul-2020,15396.35,15651.72,15321.84,15408.16,0
SLV,23-Jul-2020,23.405,23.67,22.475,22.988,202387
SML,23-Jul-2020,860.08,873.52,857.4,866.14,532657600
SMPR,23-Jul-2020,1213.06,1230.7,1213.06,1225.02,0
SMRW,23-Jul-2020,6090.15,6167.35,6063.18,6114.79,0
SMSS,23-Jul-2020,7651.08,7701.47,7584.25,7622.35,0
SMTI,23-Jul-2020,1552.2,1574.77,1552.2,1567.5,0
SMTR,23-Jul-2020,235.03,238.14,233.83,237.44,0
SNAC,23-Jul-2020,335.1,339.03,334.13,336.52,0
SNCH,23-Jul-2020,125.58,126.24,125.17,125.95,0
SNCT,23-Jul-2020,167.14,167.67,166.25,167.28,0
SNER,23-Jul-2020,61.37,61.56,61.21,61.44,0
SNNE,23-Jul-2020,3182.01,3188.34,3154.66,3165.72,0
SNNT,23-Jul-2020,4160.58,4171.66,4133.3,4146.42,0
SNRE,23-Jul-2020,1842.48,1849.86,1827.95,1836.41,0
SNRT,23-Jul-2020,68.61,68.8,68.4,68.66,0
SNRU,23-Jul-2020,2117.07,2129.48,2106.62,2115.56,0
SNTE,23-Jul-2020,177.43,178.02,176.44,177.58,0
SNUI,23-Jul-2020,117.96,118.32,117.64,118.09,0
SOBC,23-Jul-2020,38.56,39.8,38.46,39.29,0
SOCC,23-Jul-2020,44.59,46.18,44.47,45.48,0
SP500,23-Jul-2020,3271.64,3279.99,3222.66,3235.66,2737810000
SPAA,23-Jul-2020,76.53,76.88,75.41,75.91,0
SPAB,23-Jul-2020,104.49,105.04,102.98,103.71,0
SPAC,23-Jul-2020,59.18,59.45,58.31,58.7,0
SPAD,23-Jul-2020,1421.55,1431.69,1403.06,1428.44,0
SPEE,23-Jul-2020,147.62,148.3,145.83,146.56,0
SPER,23-Jul-2020,1518.92,1529.89,1499.15,1526.28,0
SPEY,23-Jul-2020,143.52,143.81,141.77,142.42,0
SPFD,23-Jul-2020,96.96,100,81.81,81.81,0
SPFI,23-Jul-2020,81.81,90.9,81.81,90.9,0
SPIN,23-Jul-2020,254.49,259.14,251.06,256.19,0
SPIR,23-Jul-2020,197.79,199.73,193.51,197.46,0
SPLR,23-Jul-2020,713.28,720.3,697.84,712.09,0
SPOF,23-Jul-2020,87.87,87.87,87.87,87.87,0
SPOH,23-Jul-2020,69.69,72.72,69.69,69.69,0
SPPR,23-Jul-2020,742.32,745.25,741.41,742.82,0
SPRL,23-Jul-2020,126.37,127.12,125.81,126.02,0
SPRT,23-Jul-2020,2745.92,2765.76,2710.2,2759.23,0
SPTH,23-Jul-2020,69.69,72.72,69.69,72.72,0
SPTW,23-Jul-2020,90.9,93.93,90.9,90.9,0
SPUS,23-Jul-2020,177.04,177.91,176.77,176.92,0
SPX,23-Jul-2020,3271.64,3279.99,3222.66,3235.66,0
SPXT,23-Jul-2020,6708.82,6725.83,6608.63,6635.04,0
SQTR,23-Jul-2020,3286.94,3296.01,3194.02,3203.02,0
SRFF,23-Jul-2020,107.51,107.51,107.51,107.51,0
SRFI,23-Jul-2020,403.61,406.46,401.83,404.33,326228500
SRIC,23-Jul-2020,4559.78,4592.25,4539.49,4550.51,0
SRIE,23-Jul-2020,4904.42,4939.51,4871.27,4884.31,0
SRMP,23-Jul-2020,1878,1883.6,1847.21,1867.63,0
SRPR,23-Jul-2020,157.61,158.07,155.95,157.09,0
SRTR,23-Jul-2020,463.08,464.74,455.87,460.81,0
SRWI,23-Jul-2020,8050.45,8087.86,7989.43,8022.5,0
SS1E,23-Jul-2020,2890.59,2909.99,2864.65,2884.75,0
SS1J,23-Jul-2020,1029.79,1035.37,1013.62,1028.77,0
SS2E,23-Jul-2020,3330.26,3360.1,3290.25,3318.45,0
SS2J,23-Jul-2020,3970.17,4011.52,3956.65,3970.21,0
SS3E,23-Jul-2020,14793.65,14926.79,14688.47,14740.49,0
SS3J,23-Jul-2020,4996.27,5053.31,4996.27,5028.76,0
SS4E,23-Jul-2020,12659.71,12801.79,12499.06,12551.36,0
SS4J,23-Jul-2020,3450.03,3492.87,3442.47,3466.81,0
SS5E,23-Jul-2020,1539.3,1552.39,1533.42,1541.29,0
SS5J,23-Jul-2020,1059.75,1070.07,1050,1056.07,0
SSAE,23-Jul-2020,381.09,383.22,380.16,382.85,0
SSAI,23-Jul-2020,627.5,631.07,625.97,630.4,0
SSAU,23-Jul-2020,429.64,432.72,429.01,432.6,0
SSAX,23-Jul-2020,5278.43,5322.66,5254.79,5317.85,0
SSBE,23-Jul-2020,3182.14,3205.06,3160.5,3169.1,0
SSBR,23-Jul-2020,2968.08,2980.7,2946.44,2953.6,0
SSCA,23-Jul-2020,325.22,327.62,323.89,326.55,0
SSCB,23-Jul-2020,212.91,213.75,211.46,212.18,0
SSCE,23-Jul-2020,288.69,290.21,288.18,289.07,0
SSCH,23-Jul-2020,666.12,674.73,663.07,670.4,0
SSCK,23-Jul-2020,282.53,284.09,281.63,282.9,0
SSCL,23-Jul-2020,219.48,219.67,213.51,215.52,0
SSCM,23-Jul-2020,11003.93,11023.59,10823.14,10871.16,0
SSCP,23-Jul-2020,193.64,194.17,193.27,193.93,0
SSCQ,23-Jul-2020,424.27,429.02,424.15,425.33,0
SSCS,23-Jul-2020,343.85,345.43,343.46,344.44,0
SSCU,23-Jul-2020,374.17,377.14,373.3,374.71,0
SSCW,23-Jul-2020,297.06,298.6,296.58,297.24,0
SSDI,23-Jul-2020,3.49,3.73,3.49,3.73,0
SSEN,23-Jul-2020,224.04,224.29,221.44,222.26,0
SSER,23-Jul-2020,259.28,260.17,258.42,258.48,0
SSEW,23-Jul-2020,295.68,297.98,295.2,295.69,0
SSFB,23-Jul-2020,26.54,26.62,26.53,26.59,0
SSFD,23-Jul-2020,77.41,77.41,32.25,41.93,0
SSFI,23-Jul-2020,54.83,54.83,32.25,48.38,0
SSGC,23-Jul-2020,250.37,251.84,249.3,249.51,0
SSGD,23-Jul-2020,4007.92,4021.59,3948.28,3963.77,0
SSGE,23-Jul-2020,1312.68,1319.3,1298.69,1306.71,0
SSGF,23-Jul-2020,1177.24,1179.86,1170.47,1174.65,0
SSGG,23-Jul-2020,221.17,221.7,218.37,218.98,0
SSGH,23-Jul-2020,4080.6,4097.47,4054.93,4064.52,0
SSGI,23-Jul-2020,6370.95,6374.71,6210.43,6230.31,0
SSGL,23-Jul-2020,2578.67,2584.7,2553.11,2559.39,0
SSGM,23-Jul-2020,2786.81,2803.22,2773.65,2781.79,0
SSGN,23-Jul-2020,2643.47,2655.13,2634.83,2639.54,0
SSGO,23-Jul-2020,235.65,238.24,229.69,230.98,0
SSGP,23-Jul-2020,172.43,173.44,171.69,171.84,0
SSGR,23-Jul-2020,311.72,313.47,310.29,310.58,0
SSGS,23-Jul-2020,3043.89,3081.16,3042.92,3070.34,0
SSGT,23-Jul-2020,1343.74,1350.76,1326.09,1330.25,0
SSGU,23-Jul-2020,1733.65,1741.9,1726.69,1732.67,0
SSGX,23-Jul-2020,237.01,239.61,231.01,232.31,0
SSGZ,23-Jul-2020,428.49,433.19,417.65,420,0
SSHE,23-Jul-2020,1726.1,1740.74,1726.1,1731.61,0
SSHX,23-Jul-2020,3160.73,3167.48,3098.68,3109.7,0
SSIA,23-Jul-2020,78.45,78.57,77.71,77.84,0
SSIB,23-Jul-2020,24.24,24.28,24.02,24.05,0
SSIC,23-Jul-2020,43.85,43.92,43.43,43.51,0
SSIP,23-Jul-2020,111.09,111.43,111.04,111.39,0
SSIS,23-Jul-2020,117.52,117.88,117.46,117.83,0
SSIT,23-Jul-2020,138.01,138.43,137.94,138.38,0
SSLF,23-Jul-2020,957.4,964.46,956.12,957.81,0
SSLS,23-Jul-2020,254.29,255.15,253.45,253.5,0
SSNI,23-Jul-2020,250.51,254.64,249.05,250.64,0
SSOF,23-Jul-2020,54.83,54.83,51.61,51.61,0
SSOH,23-Jul-2020,29.03,29.03,29.03,29.03,0
SSPA,23-Jul-2020,1414.62,1414.62,1395.75,1398.84,0
SSPE,23-Jul-2020,1488.09,1500.46,1485.75,1488.07,0
SSPF,23-Jul-2020,576.46,578.87,568.29,569.66,0
SSPI,23-Jul-2020,2400.08,2411.84,2385.08,2393.64,0
SSPL,23-Jul-2020,1192.59,1193.59,1158.82,1163.06,0
SSPN,23-Jul-2020,7360.48,7380.62,7254.73,7285.18,0
SSPT,23-Jul-2020,828.09,837.9,826.67,827.95,0
SSPU,23-Jul-2020,1530.34,1543.99,1526.89,1531.37,0
SSRF,23-Jul-2020,745.65,748.09,745.65,747.94,0
SSRW,23-Jul-2020,6457.97,6587.66,6455.37,6528.23,0
SSTH,23-Jul-2020,29.03,29.03,29.03,29.03,0
SSTU,23-Jul-2020,449.63,453.45,447.91,450.21,0
SSTW,23-Jul-2020,41.93,45.16,32.25,38.7,0
SSUC,23-Jul-2020,257.81,259.47,257.02,257.43,0
SSUP,23-Jul-2020,46.77,47.05,46.61,46.68,0
SSUT,23-Jul-2020,84.56,85.08,84.28,84.42,0
SSWP,23-Jul-2020,73.96,74.54,73.84,73.96,0
STCE,23-Jul-2020,962.94,977.97,960.76,968.72,0
STCL,23-Jul-2020,934.09,951.84,933.83,941.4,0
STFE,23-Jul-2020,1577.97,1594.09,1576.47,1590.71,0
STFU,23-Jul-2020,1533.31,1551.96,1528.76,1545.85,0
STIC,23-Jul-2020,1133.38,1136.3,1123.24,1126.45,0
STIF,23-Jul-2020,1759.3,1763.6,1744.99,1751.04,0
STIL,23-Jul-2020,673.6,676.12,661.97,664.01,0
STIR,23-Jul-2020,2300.23,2307.35,2286.13,2293.39,0
STIS,23-Jul-2020,930.32,932.33,921.62,924.24,0
STMP,23-Jul-2020,145.28,145.3,142.59,143.94,0
STNC,23-Jul-2020,662.49,663.63,661.71,663.13,15402100
STNU,23-Jul-2020,666.89,668.6,666.23,667.41,16056900
STRA,23-Jul-2020,162.72,162.91,161.08,161.52,0
STRB,23-Jul-2020,132.93,133.07,132.27,132.48,0
STRC,23-Jul-2020,146.61,146.77,145.5,145.81,0
STRD,23-Jul-2020,130.27,130.39,129.78,129.96,0
STRL,23-Jul-2020,4539.65,4550.78,4432.57,4443.34,0
STRN,23-Jul-2020,5923.37,5938.39,5834.91,5858.23,0
STRS,23-Jul-2020,125.02,127.04,124.86,126.55,0
STRT,23-Jul-2020,416.63,417.02,412.08,415.41,0
STRU,23-Jul-2020,1408.76,1425.08,1406.85,1411.86,0
STSI,23-Jul-2020,740.33,758.88,732.2,755,0
STTR,23-Jul-2020,2445.29,2445.29,2349.16,2365.59,0
SUCD,23-Jul-2020,449.94,450.6,440.73,443.61,0
SUCS,23-Jul-2020,458.8,460.62,457.35,458.85,0
SUEP,23-Jul-2020,216.19,218.48,214.67,217.24,0
SUFD,23-Jul-2020,96.42,96.42,85.71,85.71,0
SUFI,23-Jul-2020,85.71,85.71,78.57,82.14,0
SUFP,23-Jul-2020,177.88,179.3,177.28,178.36,0
SUHC,23-Jul-2020,498.92,501.39,494.03,495.75,0
SUIP,23-Jul-2020,379.72,382.15,377.27,378.63,0
SUKP,23-Jul-2020,1235.14,1248.33,1234.29,1235.9,0
SUKS,23-Jul-2020,958.27,965.7,954.95,959.94,0
SUMI,23-Jul-2020,350.07,353.64,348.08,350.23,0
SUNI,23-Jul-2020,220.23,226.29,219.93,223.18,0
SUOF,23-Jul-2020,92.85,92.85,78.57,85.71,0
SUOH,23-Jul-2020,50,57.14,42.85,46.42,0
SUPI,23-Jul-2020,382.12,385.25,380.43,382.55,0
SURI,23-Jul-2020,277.43,278.23,272.84,275.75,0
SUTH,23-Jul-2020,35.71,35.71,32.14,32.14,0
SUTP,23-Jul-2020,274.37,274.87,266.46,267.51,0
SUTW,23-Jul-2020,96.42,96.42,96.42,96.42,0
SVFD,23-Jul-2020,70.96,75.8,51.61,56.45,0
SVFI,23-Jul-2020,88.7,88.7,82.25,83.87,0
SVOF,23-Jul-2020,95.16,95.16,91.93,93.54,0
SVOH,23-Jul-2020,82.25,82.25,82.25,82.25,0
SVTH,23-Jul-2020,80.64,83.87,80.64,82.25,0
SVTR,23-Jul-2020,143.2,144.13,142.89,144.13,0
SVTW,23-Jul-2020,90.32,91.93,80.64,82.25,0
SW0B,23-Jul-2020,36.99,37.37,36.72,36.84,0
SW0C,23-Jul-2020,80.07,80.56,79.86,80.07,0
SW0D,23-Jul-2020,106.29,106.62,105.93,106.35,0
SW0E,23-Jul-2020,113.3,114.07,113.2,113.74,0
SW0F,23-Jul-2020,146.71,149.34,146.59,148.96,0
SW0G,23-Jul-2020,197.53,198.38,196.64,197.16,0
SW0H,23-Jul-2020,53.43,53.68,53.07,53.22,0
SW0I,23-Jul-2020,186.89,187.32,185.91,186.48,0
SW1A,23-Jul-2020,59.48,59.58,59.09,59.33,0
SW1B,23-Jul-2020,412.13,414.05,411.34,412.52,0
SW1C,23-Jul-2020,260.32,261.79,259.37,261.06,0
SW1J,23-Jul-2020,79.37,79.83,79.22,79.27,0
SWFI,23-Jul-2020,956.99,965.22,951.51,960.4,0
SWIB,23-Jul-2020,2895.72,2906.54,2887.53,2895.14,0
SWIT,23-Jul-2020,2944.84,2964.12,2935.08,2945,0
SWML,23-Jul-2020,201.92,202.22,198.54,200.72,0
SWSP,23-Jul-2020,193.38,195.27,191.64,191.93,0
SWUB,23-Jul-2020,2787.6,2802.72,2753.73,2768.87,0
SWUL,23-Jul-2020,601.98,611.4,601.05,609.85,0
SWUT,23-Jul-2020,2386.2,2417.67,2383.45,2395.35,0
SXTR,23-Jul-2020,855.41,862.42,851.68,856.37,0
SYFD,23-Jul-2020,70.49,78.68,60.65,65.57,0
SYFI,23-Jul-2020,73.77,78.68,70.49,75.4,0
SYOF,23-Jul-2020,81.96,81.96,80.32,81.96,0
SYOH,23-Jul-2020,57.37,57.37,55.73,55.73,0
SYTH,23-Jul-2020,45.9,47.54,45.9,45.9,0
SYTR,23-Jul-2020,1095.17,1095.17,1079.03,1084.44,0
SYTW,23-Jul-2020,85.24,88.52,78.68,81.96,0
SZTR,23-Jul-2020,4263.58,4264.74,4134.61,4157.94,0
TACK,23-Jul-2020,9996,10334,9286,9987,0
TACX,23-Jul-2020,-4,334,-714,-13,0
TICK,23-Jul-2020,9998,11075,9116,10019,0
TICX,23-Jul-2020,-2,1075,-884,19,0
TNX,23-Jul-2020,0.58,0.59,0.57,0.58,0
TOOC,23-Jul-2020,18744.55,18753.72,18502.23,18558.79,196712100
TQCK,23-Jul-2020,9997,10726,9109,9627,0
TQCX,23-Jul-2020,-3,726,-891,-373,0
TRIA,23-Jul-2020,0.74,1.5,0.27,0.59,0
TRIN,23-Jul-2020,0.13,1.95,0.13,1.22,0
TRIQ,23-Jul-2020,0.85,1.26,0.22,0.71,0
TTCD,23-Jul-2020,187.72,187.73,185.14,185.84,3807800
TTCS,23-Jul-2020,647.31,653.67,646.03,650.49,4272500
TTEN,23-Jul-2020,80.22,80.58,78.51,79.01,29420100
TTFS,23-Jul-2020,264.94,266.04,263.51,264.06,34252000
TTGD,23-Jul-2020,383.21,386.37,369.89,375.5,117477800
TTHC,23-Jul-2020,54.46,54.46,52.57,52.75,6093900
TTIN,23-Jul-2020,285.97,286.8,283.12,283.31,12360500
TTMT,23-Jul-2020,338.92,341.65,328.85,332.62,65238000
TTRE,23-Jul-2020,271.64,273.28,270.05,270.4,7604500
TTTK,23-Jul-2020,166.13,168.44,163.48,163.93,4508800
TTTS,23-Jul-2020,157.56,158.24,156.81,156.9,8236500
TTUT,23-Jul-2020,292.35,294.41,290.72,291.32,10119100
TXBE,23-Jul-2020,147.06,147.68,144.88,145.45,48708500
TXBM,23-Jul-2020,100.9,101.82,99.73,100.29,54623000
TXCT,23-Jul-2020,180.72,183.55,180.44,181.49,7855500
TXCX,23-Jul-2020,16178.99,16186.91,15969.83,16018.65,196712100
TXDC,23-Jul-2020,123.46,123.52,122.32,122.55,144372600
TXDE,23-Jul-2020,274.29,275.46,272.61,273.64,16723700
TXDV,23-Jul-2020,233.96,234.68,232.91,233.27,68319200
TXEI,23-Jul-2020,90.66,90.9,90.07,90.21,69868800
TXEW,23-Jul-2020,148.91,149.04,147.29,147.64,103879600
TXFO,23-Jul-2020,959.28,967.4,948.11,952.93,92832600
TXGM,23-Jul-2020,100.05,100.62,97.5,98.52,206389900
TXOE,23-Jul-2020,134.11,134.72,131.94,133.11,26074000
TXPR,23-Jul-2020,561.85,561.96,561.01,561.19,1959700
TXSC,23-Jul-2020,103.8,104.51,102.81,103.28,0
TXSI,23-Jul-2020,175.7,175.7,171.32,172.13,24641200
TXSX,23-Jul-2020,971.87,971.87,959.12,961.57,103879600
TXTW,23-Jul-2020,536.07,539.18,528,531.61,81809600
TYX,23-Jul-2020,1.27,1.28,1.24,1.24,0
UNCA,23-Jul-2020,14,14,3,11,2727300
UNCC,23-Jul-2020,86,212,86,212,32974400
UNCE,23-Jul-2020,52,58,24,43,20991900
UNCN,23-Jul-2020,66,66,19,42,38504300
UNCQ,23-Jul-2020,129,129,50,71,45925000
UNCS,23-Jul-2020,100,158,97,157,7142000
UNCT,23-Jul-2020,209,209,77,124,87156600
UNCU,23-Jul-2020,318,767,318,746,2908463000
UNCV,23-Jul-2020,182,328,182,328,59262600
UNCX,23-Jul-2020,368,697,367,697,99379000
UTY,23-Jul-2020,784.16,790.76,781.2,785.71,0
UVCA,23-Jul-2020,0.39,12.52,0.02,2.72,0
UVCC,23-Jul-2020,3.08,32.97,3.08,32.97,0
UVCE,23-Jul-2020,0.94,20.99,0.55,20.99,0
UVCN,23-Jul-2020,0.45,77.87,0.45,38.5,0
UVCQ,23-Jul-2020,1.3,45.92,1.3,45.92,0
UVCS,23-Jul-2020,1.1,13.24,1.1,7.14,0
UVCT,23-Jul-2020,2.15,97.47,2.15,87.15,0
UVCU,23-Jul-2020,243.05,2941.96,243.05,2908.46,0
UVCV,23-Jul-2020,6.86,59.26,6.86,59.26,0
UVCX,23-Jul-2020,11.05,99.37,11.05,99.37,0
VFWA,23-Jul-2020,29.77,34.68,27.62,34.61,0
VFWB,23-Jul-2020,34.13,34.74,33.83,34.55,0
VIX,23-Jul-2020,23.97,26.95,23.6,26.08,0
VWA,23-Jul-2020,24.3,27.2,24.04,26.32,0
VWB,23-Jul-2020,23.63,26.67,23.3,25.78,0
VXB,23-Jul-2020,23.97,26.94,23.61,26.07,0
VXD,23-Jul-2020,26.46,28.66,25.38,27.08,0
VXDE,23-Jul-2020,31.57,32.62,31.28,32.28,0
VXJU,23-Jul-2020,31.2,32.01,27.9,31.07,0
VXMA,23-Jul-2020,30.9,33.22,30.04,33.19,0
VXN,23-Jul-2020,30.46,33.38,29.87,32.75,0
VXO,23-Jul-2020,22.89,28.51,22.5,24.44,0
VXSE,23-Jul-2020,26.98,28.91,26.65,28.28,0
VXV,23-Jul-2020,29.14,30.69,28.9,30.25,0
XAU,23-Jul-2020,149.67,151.26,143.77,146.48,0
XAX,23-Jul-2020,2091.84,2098.78,2070.47,2080.83,0
XDS,23-Jul-2020,107.87,108.17,107.68,107.99,0
XEO,23-Jul-2020,1506.7,1510,1478.13,1483.69,0
XOI,23-Jul-2020,776.94,786.43,773.62,779.73,0
XSP,23-Jul-2020,327.16,328,322.27,323.57,0
Y0FD,23-Jul-2020,57.69,57.69,41.02,42.67,0
Y0FI,23-Jul-2020,73.33,73.33,70.95,70.95,0
Y0OF,23-Jul-2020,75.64,77.69,75.64,76.86,0
Y0OH,23-Jul-2020,70,70.51,69.48,69.92,0
Y0TH,23-Jul-2020,71.79,72.3,70.76,71.97,0
Y0TW,23-Jul-2020,64.35,64.35,58.2,58.86,0
Y1FD,23-Jul-2020,53.84,53.84,11.53,15.38,0
Y1FI,23-Jul-2020,69.23,73.07,57.69,57.69,0
Y1OF,23-Jul-2020,53.84,53.84,50,50,0
Y1OH,23-Jul-2020,26.92,26.92,26.92,26.92,0
Y1TH,23-Jul-2020,19.23,19.23,19.23,19.23,0
Y1TW,23-Jul-2020,65.38,65.38,26.92,38.46,0
Y2FD,23-Jul-2020,57.14,57.14,14.28,14.28,0
Y2FI,23-Jul-2020,66.66,71.42,52.38,52.38,0
Y2OF,23-Jul-2020,47.61,47.61,42.85,42.85,0
Y2OH,23-Jul-2020,28.57,28.57,28.57,28.57,0
Y2TH,23-Jul-2020,19.04,19.04,19.04,19.04,0
Y2TW,23-Jul-2020,61.9,61.9,19.04,33.33,0
Y3FD,23-Jul-2020,55,57.14,51.07,55.71,0
Y3FI,23-Jul-2020,95,96.07,94.64,95.35,0
Y3OF,23-Jul-2020,98.21,98.57,98.21,98.21,0
Y3OH,23-Jul-2020,70.71,71.78,69.64,71.42,0
Y3TH,23-Jul-2020,61.78,63.21,61.78,62.5,0
Y3TW,23-Jul-2020,93.21,95.71,92.85,95.71,0
Y5FD,23-Jul-2020,49.54,55.4,30.63,36.03,0
Y5FI,23-Jul-2020,77.47,78.82,72.97,74.32,0
Y5OF,23-Jul-2020,82.43,83.78,79.27,80.18,0
Y5OH,23-Jul-2020,51.35,53.6,50,51.8,0
Y5TH,23-Jul-2020,45.49,47.29,45.49,45.94,0
Y5TW,23-Jul-2020,77.47,80.63,67.56,71.17,0
Y6FD,23-Jul-2020,61.53,69.23,46.15,61.53,0
Y6FI,23-Jul-2020,92.3,100,76.92,84.61,0
Y6OF,23-Jul-2020,100,100,100,100,0
Y6OH,23-Jul-2020,61.53,69.23,61.53,61.53,0
Y6TH,23-Jul-2020,38.46,38.46,38.46,38.46,0
Y6TW,23-Jul-2020,84.61,92.3,76.92,84.61,0
Y7FD,23-Jul-2020,27.27,72.72,27.27,54.54,0
Y7FI,23-Jul-2020,81.81,81.81,81.81,81.81,0
Y7OF,23-Jul-2020,90.9,90.9,90.9,90.9,0
Y7OH,23-Jul-2020,90.9,90.9,90.9,90.9,0
Y7TH,23-Jul-2020,81.81,90.9,81.81,90.9,0
Y7TW,23-Jul-2020,81.81,90.9,81.81,81.81,0
Y8FD,23-Jul-2020,81.25,81.25,56.25,75,0
Y8FI,23-Jul-2020,68.75,68.75,50,62.5,0
Y8OF,23-Jul-2020,87.5,87.5,81.25,81.25,0
Y8OH,23-Jul-2020,6.25,6.25,6.25,6.25,0
Y8TH,23-Jul-2020,6.25,6.25,6.25,6.25,0
Y8TW,23-Jul-2020,81.25,87.5,81.25,87.5,0
Y9FD,23-Jul-2020,48,48,24,36,0
Y9FI,23-Jul-2020,84,88,84,84,0
Y9OF,23-Jul-2020,88,96,88,92,0
Y9OH,23-Jul-2020,28,32,24,28,0
Y9TH,23-Jul-2020,12,12,12,12,0
Y9TW,23-Jul-2020,88,96,84,92,0
YAFD,23-Jul-2020,80.48,92.68,17.07,39.02,0
YAFI,23-Jul-2020,95.12,97.56,95.12,95.12,0
YAOF,23-Jul-2020,97.56,97.56,97.56,97.56,0
YAOH,23-Jul-2020,97.56,97.56,97.56,97.56,0
YATH,23-Jul-2020,95.12,97.56,95.12,95.12,0
YATW,23-Jul-2020,95.12,97.56,78.04,82.92,0
YBFD,23-Jul-2020,11.11,22.22,0.01,0.01,0
YBFI,23-Jul-2020,44.44,44.44,22.22,33.33,0
YBOF,23-Jul-2020,44.44,44.44,44.44,44.44,0
YBOH,23-Jul-2020,22.22,22.22,11.11,11.11,0
YBTH,23-Jul-2020,22.22,22.22,11.11,11.11,0
YBTW,23-Jul-2020,44.44,44.44,33.33,33.33,0
YCFD,23-Jul-2020,46.42,50,21.42,32.14,0
YCFI,23-Jul-2020,71.42,71.42,67.85,67.85,0
YCOF,23-Jul-2020,82.14,82.14,71.42,71.42,0
YCOH,23-Jul-2020,50,53.57,50,50,0
YCTH,23-Jul-2020,46.42,50,46.42,46.42,0
YCTW,23-Jul-2020,64.28,71.42,46.42,53.57,0
YDFD,23-Jul-2020,68.62,82.35,21.56,39.21,0
YDFI,23-Jul-2020,94.11,96.07,90.19,90.19,0
YDOF,23-Jul-2020,96.07,96.07,96.07,96.07,0
YDOH,23-Jul-2020,90.19,92.15,90.19,92.15,0
YDTH,23-Jul-2020,88.23,90.19,88.23,90.19,0
YDTW,23-Jul-2020,90.19,96.07,80.39,86.27,0
YEFD,23-Jul-2020,55.55,55.55,14.81,18.51,0
YEFI,23-Jul-2020,66.66,70.37,55.55,55.55,0
YEOF,23-Jul-2020,51.85,55.55,48.14,48.14,0
YEOH,23-Jul-2020,33.33,33.33,29.62,33.33,0
YETH,23-Jul-2020,25.92,25.92,25.92,25.92,0
YETW,23-Jul-2020,62.96,62.96,25.92,37.03,0
YFFD,23-Jul-2020,31.25,75,12.5,18.75,0
YFFI,23-Jul-2020,87.5,87.5,81.25,87.5,0
YFOF,23-Jul-2020,93.75,93.75,93.75,93.75,0
YFOH,23-Jul-2020,81.25,81.25,81.25,81.25,0
YFTH,23-Jul-2020,81.25,81.25,81.25,81.25,0
YFTW,23-Jul-2020,50,75,37.5,37.5,0
YGFD,23-Jul-2020,0.01,12.5,0.01,0.01,0
YGFI,23-Jul-2020,12.5,37.5,12.5,25,0
YGOF,23-Jul-2020,37.5,37.5,12.5,25,0
YGOH,23-Jul-2020,12.5,12.5,12.5,12.5,0
YGTH,23-Jul-2020,0.01,0.01,0.01,0.01,0
YGTW,23-Jul-2020,62.5,62.5,37.5,50,0
YHFD,23-Jul-2020,25,56.25,25,31.25,0
YHFI,23-Jul-2020,93.75,93.75,87.5,93.75,0
YHOF,23-Jul-2020,93.75,93.75,93.75,93.75,0
YHOH,23-Jul-2020,43.75,56.25,43.75,43.75,0
YHTH,23-Jul-2020,43.75,50,43.75,43.75,0
YHTW,23-Jul-2020,100,100,87.5,87.5,0
YIFD,23-Jul-2020,53.06,55.1,36.73,40.81,0
YIFI,23-Jul-2020,79.59,81.63,69.38,75.51,0
YIOF,23-Jul-2020,87.75,87.75,83.67,85.71,0
YIOH,23-Jul-2020,38.77,44.89,38.77,38.77,0
YITH,23-Jul-2020,30.61,32.65,30.61,32.65,0
YITW,23-Jul-2020,83.67,89.79,75.51,77.55,0
YJFD,23-Jul-2020,56.52,56.52,21.73,21.73,0
YJFI,23-Jul-2020,95.65,95.65,86.95,91.3,0
YJOF,23-Jul-2020,95.65,95.65,95.65,95.65,0
YJOH,23-Jul-2020,91.3,95.65,91.3,91.3,0
YJTH,23-Jul-2020,69.56,69.56,60.86,69.56,0
YJTW,23-Jul-2020,91.3,91.3,78.26,86.95,0
YKFD,23-Jul-2020,62.5,62.5,25,25,0
YKFI,23-Jul-2020,91.66,91.66,83.33,87.5,0
YKOF,23-Jul-2020,95.83,95.83,95.83,95.83,0
YKOH,23-Jul-2020,91.66,95.83,91.66,91.66,0
YKTH,23-Jul-2020,75,75,66.66,75,0
YKTW,23-Jul-2020,87.5,87.5,79.16,87.5,0
YLFD,23-Jul-2020,49.54,55.4,30.63,36.03,0
YLFI,23-Jul-2020,77.47,78.82,72.97,74.32,0
YLOF,23-Jul-2020,82.43,83.78,79.27,80.18,0
YLOH,23-Jul-2020,51.35,53.6,50,51.8,0
YLTH,23-Jul-2020,45.49,47.29,45.49,45.94,0
YLTW,23-Jul-2020,77.47,80.63,67.56,71.17,0
YMFD,23-Jul-2020,38.88,50,33.33,38.88,0
YMFI,23-Jul-2020,83.33,83.33,77.77,83.33,0
YMOF,23-Jul-2020,77.77,77.77,77.77,77.77,0
YMOH,23-Jul-2020,61.11,66.66,61.11,61.11,0
YMTH,23-Jul-2020,61.11,66.66,61.11,61.11,0
YMTW,23-Jul-2020,77.77,83.33,72.22,77.77,0
YNFD,23-Jul-2020,49.32,55.2,30.31,35.74,0
YNFI,23-Jul-2020,77.37,78.73,72.85,74.2,0
YNOF,23-Jul-2020,82.35,83.71,79.18,80.09,0
YNOH,23-Jul-2020,51.13,53.39,49.77,51.58,0
YNTH,23-Jul-2020,45.24,47.05,45.24,45.7,0
YNTW,23-Jul-2020,77.37,80.54,67.42,71.04,0
YOFD,23-Jul-2020,48.46,50.3,30.06,34.96,0
YOFI,23-Jul-2020,77.91,79.75,74.23,75.46,0
YOOF,23-Jul-2020,81.59,83.43,77.3,78.52,0
YOOH,23-Jul-2020,47.23,50.3,46.01,48.46,0
YOTH,23-Jul-2020,39.87,41.71,39.87,41.1,0
YOTW,23-Jul-2020,81.59,85.27,71.16,74.84,0
YPFD,23-Jul-2020,57.14,57.14,0.01,14.28,0
YPFI,23-Jul-2020,85.71,85.71,71.42,71.42,0
YPOF,23-Jul-2020,85.71,85.71,71.42,85.71,0
YPOH,23-Jul-2020,28.57,28.57,14.28,28.57,0
YPTH,23-Jul-2020,0.01,0.01,0.01,0.01,0
YPTW,23-Jul-2020,85.71,85.71,71.42,85.71,0
YQFD,23-Jul-2020,41.46,41.46,21.95,26.82,0
YQFI,23-Jul-2020,75.6,78.04,68.29,70.73,0
YQOF,23-Jul-2020,84.14,85.36,78.04,80.48,0
YQOH,23-Jul-2020,42.68,43.9,41.46,42.68,0
YQTH,23-Jul-2020,35.36,37.8,35.36,36.58,0
YQTW,23-Jul-2020,82.92,86.58,74.39,74.39,0
YRFD,23-Jul-2020,45.33,45.33,24,26.66,0
YRFI,23-Jul-2020,76,76,68,70.66,0
YROF,23-Jul-2020,72,73.33,69.33,70.66,0
YROH,23-Jul-2020,28,33.33,26.66,29.33,0
YRTH,23-Jul-2020,17.33,20,17.33,17.33,0
YRTW,23-Jul-2020,80,80,64,68,0
YSFD,23-Jul-2020,43.33,43.33,20,31.66,0
YSFI,23-Jul-2020,81.66,81.66,71.66,73.33,0
YSOF,23-Jul-2020,86.66,86.66,78.33,80,0
YSOH,23-Jul-2020,45,45,43.33,45,0
YSTH,23-Jul-2020,31.66,33.33,31.66,33.33,0
YSTW,23-Jul-2020,90,93.33,81.66,83.33,0
YTFD,23-Jul-2020,51.85,61.11,33.95,37.65,0
YTFI,23-Jul-2020,75.92,78.39,72.83,74.69,0
YTOF,23-Jul-2020,80.86,82.71,79.62,80.24,0
YTOH,23-Jul-2020,53.7,56.79,52.46,54.32,0
YTTH,23-Jul-2020,50.61,52.46,50,50.61,0
YTTW,23-Jul-2020,72.83,77.16,61.11,66.66,0
YUFD,23-Jul-2020,81.25,96.87,12.5,34.37,0
YUFI,23-Jul-2020,96.87,96.87,96.87,96.87,0
YUOF,23-Jul-2020,96.87,96.87,96.87,96.87,0
YUOH,23-Jul-2020,96.87,96.87,96.87,96.87,0
YUTH,23-Jul-2020,93.75,96.87,93.75,93.75,0
YUTW,23-Jul-2020,96.87,100,81.25,87.5,0
YVFD,23-Jul-2020,75.32,80.51,24.67,41.55,0
YVFI,23-Jul-2020,92.2,92.2,89.61,90.9,0
YVOF,23-Jul-2020,94.8,94.8,94.8,94.8,0
YVOH,23-Jul-2020,93.5,94.8,93.5,93.5,0
YVTH,23-Jul-2020,87.01,88.31,84.41,87.01,0
YVTW,23-Jul-2020,90.9,93.5,80.51,85.71,0
YWFD,23-Jul-2020,56,68,42,48,0
YWFI,23-Jul-2020,80,80,74,76,0
YWOF,23-Jul-2020,88,88,84,86,0
YWOH,23-Jul-2020,34,40,32,36,0
YWTH,23-Jul-2020,28,28,28,28,0
YWTW,23-Jul-2020,86,90,80,82,0
YXFD,23-Jul-2020,56,68,42,48,0
YXFI,23-Jul-2020,80,80,74,76,0
YXOF,23-Jul-2020,88,88,84,86,0
YXOH,23-Jul-2020,34,40,32,36,0
YXTH,23-Jul-2020,28,28,28,28,0
YXTW,23-Jul-2020,86,90,80,82,0
YYFD,23-Jul-2020,43.33,46.66,20,30,0
YYFI,23-Jul-2020,66.66,66.66,63.33,63.33,0
YYOF,23-Jul-2020,76.66,76.66,66.66,66.66,0
YYOH,23-Jul-2020,46.66,50,46.66,46.66,0
YYTH,23-Jul-2020,43.33,46.66,43.33,43.33,0
YYTW,23-Jul-2020,60,66.66,43.33,50,0
YZFD,23-Jul-2020,32,44,24,28,0
YZFI,23-Jul-2020,72,76,68,70,0
YZOF,23-Jul-2020,82,84,70,72,0
YZOH,23-Jul-2020,54,56,54,56,0
YZTH,23-Jul-2020,50,54,50,54,0
YZTW,23-Jul-2020,78,84,66,68,0
Z0FD,23-Jul-2020,87.5,87.5,25,50,0
Z0FI,23-Jul-2020,62.5,62.5,25,50,0
Z0OF,23-Jul-2020,75,75,62.5,62.5,0
Z0OH,23-Jul-2020,0.01,0.01,0.01,0.01,0
Z0TH,23-Jul-2020,0.01,0.01,0.01,0.01,0
Z0TW,23-Jul-2020,100,100,100,100,0
Z1FD,23-Jul-2020,54.27,55.98,50.85,51.7,0
Z1FI,23-Jul-2020,99.14,99.14,98.71,98.71,0
Z1OF,23-Jul-2020,99.57,99.57,99.57,99.57,0
Z1OH,23-Jul-2020,71.36,71.79,70.51,70.51,0
Z1TH,23-Jul-2020,63.67,64.52,63.24,63.24,0
Z1TW,23-Jul-2020,93.58,96.58,93.16,96.58,0
Z2FD,23-Jul-2020,43.33,43.33,20,31.66,0
Z2FI,23-Jul-2020,81.66,81.66,71.66,73.33,0
Z2OF,23-Jul-2020,86.66,86.66,78.33,80,0
Z2OH,23-Jul-2020,45,45,43.33,45,0
Z2TH,23-Jul-2020,31.66,33.33,31.66,33.33,0
Z2TW,23-Jul-2020,90,93.33,81.66,83.33,0
Z3FD,23-Jul-2020,43.33,43.33,20,31.66,0
Z3FI,23-Jul-2020,81.66,81.66,71.66,73.33,0
Z3OF,23-Jul-2020,86.66,86.66,78.33,80,0
Z3OH,23-Jul-2020,45,45,43.33,45,0
Z3TH,23-Jul-2020,31.66,33.33,31.66,33.33,0
Z3TW,23-Jul-2020,90,93.33,81.66,83.33,0
Z4FD,23-Jul-2020,44,62,36,40,0
Z4FI,23-Jul-2020,76,82,74,74,0
Z4OF,23-Jul-2020,78,80,74,76,0
Z4OH,23-Jul-2020,50,56,50,52,0
Z4TH,23-Jul-2020,44,44,44,44,0
Z4TW,23-Jul-2020,80,88,78,82,0
Z5FD,23-Jul-2020,58.33,64.58,41.14,45.83,0
Z5FI,23-Jul-2020,73.43,73.43,70.31,71.35,0
Z5OF,23-Jul-2020,76.56,76.56,73.95,75,0
Z5OH,23-Jul-2020,47.39,48.43,47.39,47.39,0
Z5TH,23-Jul-2020,45.83,45.83,44.79,45.31,0
Z5TW,23-Jul-2020,71.87,77.08,65.1,67.18,0
Z6FD,23-Jul-2020,51.72,57.47,34.48,37.93,0
Z6FI,23-Jul-2020,74.71,75.86,71.26,72.41,0
Z6OF,23-Jul-2020,74.71,75.86,73.56,74.71,0
Z6OH,23-Jul-2020,37.93,40.22,37.93,37.93,0
Z6TH,23-Jul-2020,35.63,35.63,34.48,35.63,0
Z6TW,23-Jul-2020,65.51,75.86,58.62,65.51,0
Z7FD,23-Jul-2020,17.39,34.78,8.69,17.39,0
Z7FI,23-Jul-2020,39.13,39.13,34.78,34.78,0
Z7OF,23-Jul-2020,56.52,56.52,52.17,52.17,0
Z7OH,23-Jul-2020,43.47,47.82,39.13,39.13,0
Z7TH,23-Jul-2020,39.13,39.13,39.13,39.13,0
Z7TW,23-Jul-2020,34.78,34.78,21.73,21.73,0
Z8FD,23-Jul-2020,7.14,21.42,7.14,7.14,0
Z8FI,23-Jul-2020,28.57,28.57,21.42,21.42,0
Z8OF,23-Jul-2020,42.85,42.85,35.71,35.71,0
Z8OH,23-Jul-2020,28.57,28.57,21.42,21.42,0
Z8TH,23-Jul-2020,21.42,21.42,21.42,21.42,0
Z8TW,23-Jul-2020,28.57,28.57,14.28,14.28,0
