Symbol,Date,Open,High,Low,Close,Volume
ADDA,16-Sep-2020,51,90,25,29,0
ADDC,16-Sep-2020,22,24,-32,-8,0
ADDE,16-Sep-2020,819,1382,245,245,0
ADDN,16-Sep-2020,696,1199,454,528,0
ADDQ,16-Sep-2020,818,1285,546,547,0
ADDS,16-Sep-2020,285,320,97,119,0
ADDT,16-Sep-2020,1565,2554,1099,1104,0
ADDU,16-Sep-2020,108,267,94,138,0
ADDV,16-Sep-2020,98,98,7,25,0
ADDX,16-Sep-2020,405,405,96,136,0
ADRA,16-Sep-2020,1.96,2.91,1.33,1.37,0
ADRC,16-Sep-2020,1.34,1.34,0.78,0.94,0
ADRE,16-Sep-2020,4.25,5.44,1.25,1.25,0
ADRN,16-Sep-2020,2.27,4.49,1.65,1.79,0
ADRQ,16-Sep-2020,2.14,2.88,1.52,1.53,0
ADRS,16-Sep-2020,2.13,2.13,1.12,1.15,0
ADRT,16-Sep-2020,2.19,3.35,1.61,1.62,0
ADRU,16-Sep-2020,1.14,1.19,1.04,1.06,0
ADRV,16-Sep-2020,1.69,1.69,1.01,1.06,0
ADRX,16-Sep-2020,1.88,1.88,1.07,1.1,0
ADVA,16-Sep-2020,104,138,100,106,156374700
ADVC,16-Sep-2020,85,148,85,143,38082000
ADVE,16-Sep-2020,1071,1693,1071,1221,732989700
ADVN,16-Sep-2020,1243,1542,1144,1196,3220544000
ADVQ,16-Sep-2020,1530,1966,1530,1578,2065532000
ADVS,16-Sep-2020,537,931,537,881,230796200
ADVT,16-Sep-2020,2877,3637,2819,2880,5442451000
ADVU,16-Sep-2020,852,2265,852,2265,4267981000
ADVV,16-Sep-2020,240,405,240,405,105378000
ADVX,16-Sep-2020,862,1440,862,1429,374256200
ASHD,16-Sep-2020,32,764,32,764,0
ASHF,16-Sep-2020,54,1232,54,435,0
ASHR,16-Sep-2020,2.68,4.43,1.56,1.56,0
ASHU,16-Sep-2020,86,1593,86,1199,0
AVDA,16-Sep-2020,3.39,89.82,3.39,81.82,0
AVDC,16-Sep-2020,1.16,17.1,-0.84,14.19,0
AVDE,16-Sep-2020,19.64,458.52,-1.63,90.86,0
AVDN,16-Sep-2020,55.66,2110.61,55.66,1979.47,0
AVDQ,16-Sep-2020,5.52,968.35,5.52,848.13,0
AVDS,16-Sep-2020,11.3,105.3,7.92,59.96,0
AVDT,16-Sep-2020,64.58,3130.35,64.58,2909.43,0
AVDU,16-Sep-2020,33.15,1341.97,-693.97,1341.77,0
AVDV,16-Sep-2020,2.66,32.09,1.87,32.09,0
AVDX,16-Sep-2020,15.13,133.94,14.64,106.25,0
AVLD,16-Sep-2020,0.46,632.93,0.46,545.34,0
AVLF,16-Sep-2020,0.96,562.82,-65.25,171.84,0
AVLR,16-Sep-2020,3.09,3.38,0.89,1.31,0
AVLU,16-Sep-2020,1.42,887.99,1.42,717.19,0
AVRA,16-Sep-2020,1.6,3.6,1.43,2.09,0
AVRC,16-Sep-2020,1.39,1.81,0.92,1.59,0
AVRE,16-Sep-2020,2.75,3.16,0.99,1.14,0
AVRN,16-Sep-2020,2.12,6.42,1.76,2.59,0
AVRQ,16-Sep-2020,1.08,2.57,1.08,1.69,0
AVRS,16-Sep-2020,3.6,3.6,1.35,1.35,0
AVRT,16-Sep-2020,1.53,3.86,1.53,2.14,0
AVRU,16-Sep-2020,1.14,1.45,0.7,1.45,0
AVRV,16-Sep-2020,1.38,1.51,1.11,1.43,0
AVRX,16-Sep-2020,2.07,2.07,1.36,1.39,0
AVVA,16-Sep-2020,9.02,156.37,9.02,156.37,0
AVVC,16-Sep-2020,4.12,39.38,4.12,38.08,0
AVVE,16-Sep-2020,30.83,756.22,30.83,732.98,0
AVVN,16-Sep-2020,105.08,3220.54,105.08,3220.54,0
AVVQ,16-Sep-2020,71.02,2065.53,71.02,2065.53,0
AVVS,16-Sep-2020,15.65,230.8,15.65,230.79,0
AVVT,16-Sep-2020,185.13,5442.45,185.13,5442.45,0
AVVU,16-Sep-2020,262.25,4839.29,262.25,4267.98,0
AVVV,16-Sep-2020,9.5,105.37,9.5,105.37,0
AVVX,16-Sep-2020,29.28,375.4,29.28,374.25,0
BANK,16-Sep-2020,2634.71,2684,2619.47,2648.76,0
BCMA,16-Sep-2020,2494,3179,2440,2467,0
BCMC,16-Sep-2020,100.39,100.7,100.25,100.37,0
BCMD,16-Sep-2020,1069,1468,819,1467,0
BCME,16-Sep-2020,296,336,265,290,0
BCMF,16-Sep-2020,147,262,147,251,0
BCMG,16-Sep-2020,39,43,26,32,0
BCMM,16-Sep-2020,100.45,101.89,100.44,100.85,0
BCMU,16-Sep-2020,175,175,40,109,0
BDMA,16-Sep-2020,1851,1969,1851,1968,0
BDMC,16-Sep-2020,100.5,100.5,100.45,100.45,0
BDMD,16-Sep-2020,1819,1985,1819,1985,0
BDME,16-Sep-2020,280,321,280,321,0
BDMF,16-Sep-2020,181,214,181,214,0
BDMG,16-Sep-2020,20,36,20,36,0
BDMM,16-Sep-2020,100.23,100.23,100.19,100.19,0
BDMU,16-Sep-2020,68,90,68,90,0
BFMA,16-Sep-2020,2580,2750,2580,2748,0
BFMC,16-Sep-2020,101.65,101.65,101.44,101.44,0
BFMD,16-Sep-2020,1107,1229,1107,1229,0
BFME,16-Sep-2020,349,395,349,395,0
BFMF,16-Sep-2020,108,137,108,137,0
BFMG,16-Sep-2020,19,33,19,33,0
BFMM,16-Sep-2020,101.31,101.31,101.25,101.25,0
BFMU,16-Sep-2020,51,66,51,66,0
BGMA,16-Sep-2020,1132,1234,1132,1234,0
BGMC,16-Sep-2020,99.61,99.73,99.61,99.72,0
BGMD,16-Sep-2020,2556,2746,2556,2744,0
BGME,16-Sep-2020,176,216,176,216,0
BGMF,16-Sep-2020,282,324,282,324,0
BGMG,16-Sep-2020,18,25,18,25,0
BGMM,16-Sep-2020,99.18,99.19,99.17,99.19,0
BGMU,16-Sep-2020,50,65,50,65,0
BKX,16-Sep-2020,76.1,78.58,75.81,77.43,0
BWH,16-Sep-2020,198.98,200.64,197.13,200.36,0
BXD,16-Sep-2020,320.17,321.86,317.22,320.92,0
BXM,16-Sep-2020,1373.05,1376.75,1370.38,1370.45,0
BXN,16-Sep-2020,692.77,693.67,682.95,683.08,0
CASH,16-Sep-2020,1,1,1,1,0
CEX,16-Sep-2020,697.3,703.66,694.95,695.55,0
COMP,16-Sep-2020,11222.08,11245.42,11046.43,11050.47,0
CPR,16-Sep-2020,3.057,3.083,3.044,3.061,62074
CYM,16-Sep-2020,17.1,17.49,17.1,17.31,0
DCFD,16-Sep-2020,80,90.76,80,83.07,0
DCFI,16-Sep-2020,66.15,72.3,66.15,67.69,0
DCOF,16-Sep-2020,76.92,81.53,76.92,81.53,0
DCOH,16-Sep-2020,75.38,78.46,75.38,78.46,0
DCSE,16-Sep-2020,43222.29,43343.04,42544.42,42551.87,0
DCTH,16-Sep-2020,58.46,61.53,58.46,61.53,0
DCTW,16-Sep-2020,60,75.38,60,63.07,0
DDA,16-Sep-2020,25.95,49.44,23.37,23.54,0
DDB,16-Sep-2020,22.58,23.25,12.09,21.56,0
DECA,16-Sep-2020,53,78,47,77,74552000
DECC,16-Sep-2020,63,156,63,151,23889700
DECE,16-Sep-2020,252,976,252,976,642122800
DECN,16-Sep-2020,547,690,343,668,1241068000
DECQ,16-Sep-2020,712,1035,681,1031,1217394000
DECS,16-Sep-2020,252,762,252,762,170829900
DECT,16-Sep-2020,1312,1783,1083,1776,2533014000
DECU,16-Sep-2020,744,2144,744,2127,2926207000
DECV,16-Sep-2020,142,393,142,380,73284500
DECX,16-Sep-2020,457,1293,457,1293,268004100
DIFD,16-Sep-2020,76.66,96.66,76.66,76.66,0
DIFI,16-Sep-2020,63.33,73.33,63.33,66.66,0
DIOF,16-Sep-2020,76.66,86.66,76.66,86.66,0
DIOH,16-Sep-2020,80,83.33,80,83.33,0
DITH,16-Sep-2020,70,70,70,70,0
DITW,16-Sep-2020,53.33,70,50,53.33,0
DIVQ,16-Sep-2020,3535.01,3535.9,3475.81,3480.12,0
DJC,16-Sep-2020,9317.71,9409.03,9302.47,9307.08,678382700
DJEC,16-Sep-2020,1682.31,1698.79,1657.94,1659.59,0
DJI,16-Sep-2020,28031.69,28364.77,28021.67,28032.38,416649300
DJT,16-Sep-2020,11632.32,11690.82,11541.62,11555.14,208433500
DJU,16-Sep-2020,811.54,819.91,810.39,814.51,53299800
DJWO,16-Sep-2020,438.95,442.15,438.34,438.75,0
DJX,16-Sep-2020,280.32,283.65,280.22,280.32,0
DLTC,16-Sep-2020,2943.43,2946.48,2876.14,2876.91,0
DOWE,16-Sep-2020,1540.3,1548.45,1527.57,1540.01,0
DRCI,16-Sep-2020,261.97,264.47,260.91,261.86,0
DREI,16-Sep-2020,366.07,369.41,364.57,365.74,0
DSAE,16-Sep-2020,1206.71,1246.73,1201.74,1231.33,50763700
DSAF,16-Sep-2020,1365.7,1395.17,1344.66,1349.53,23920400
DSAG,16-Sep-2020,180.19,185.7,179.83,183.56,28508900
DSAI,16-Sep-2020,699.31,703.21,695.44,696.25,12568800
DSAL,16-Sep-2020,45.9,47.54,45.65,46.86,6488000
DSAM,16-Sep-2020,2308.32,2319.19,2287.54,2290.09,43697800
DSAP,16-Sep-2020,674.78,690.45,668.79,672.46,154651600
DSAR,16-Sep-2020,156.38,164.12,154.54,161.62,176267800
DSAS,16-Sep-2020,1121.69,1168.05,1114.53,1151.47,44845400
DSAT,16-Sep-2020,446.27,446.27,435.06,435.42,13606700
DSAU,16-Sep-2020,557.91,575,553.63,558.2,137553600
DSAV,16-Sep-2020,489.59,501.45,488.26,491.62,19527500
DSBC,16-Sep-2020,1567.3,1591.82,1564.97,1572.94,144996600
DSBD,16-Sep-2020,1160.06,1175.17,1151.42,1163.83,26137400
DSBE,16-Sep-2020,126.88,128.91,125.9,127.13,2478600
DSBK,16-Sep-2020,339.68,348.62,337.67,343.99,291528800
DSBM,16-Sep-2020,418.55,422.82,417.28,417.79,113362800
DSBS,16-Sep-2020,198.64,201.76,197.73,199.37,62739700
DSBT,16-Sep-2020,2385.91,2398.52,2355.63,2358.79,97988100
DSBV,16-Sep-2020,811.17,815.57,804.48,804.99,27742400
DSCA,16-Sep-2020,725.23,725.23,688.19,704.64,40622600
DSCC,16-Sep-2020,560.61,565.69,558.2,558.8,19785800
DSCF,16-Sep-2020,318.04,324.32,318.04,319.83,50195700
DSCG,16-Sep-2020,1142.72,1163.36,1136.71,1149.99,379393200
DSCH,16-Sep-2020,685.25,691.44,682.97,683.16,50623100
DSCL,16-Sep-2020,5.64,6.11,5.55,5.92,3744000
DSCM,16-Sep-2020,652.87,657.75,652.05,652.22,20059100
DSCN,16-Sep-2020,861,872.17,855.05,863.95,32973200
DSCP,16-Sep-2020,414.19,418.18,411.25,413.3,29471900
DSCR,16-Sep-2020,5701.61,5730.42,5553.57,5554.06,198791200
DSCS,16-Sep-2020,1868.95,1880.39,1858.73,1863.44,16444300
DSCT,16-Sep-2020,1139.61,1150.41,1132.6,1133.12,57888500
DSCX,16-Sep-2020,958.54,967.19,955.45,955.86,30837200
DSCY,16-Sep-2020,1348.06,1351.74,1331.78,1332.16,741328600
DSDB,16-Sep-2020,639.38,646.46,630.73,631.27,2533900
DSDN,16-Sep-2020,433.84,444.51,432.69,439.87,5918300
DSDR,16-Sep-2020,725.47,734.28,724.9,726.73,44203800
DSDS,16-Sep-2020,384.6,386.63,380.89,381.62,7849100
DSDT,16-Sep-2020,61.2,61.7,60.84,61,11218800
DSDV,16-Sep-2020,167.24,169.19,166.79,166.94,18640900
DSEC,16-Sep-2020,388.63,391.16,386.31,386.98,19987200
DSEE,16-Sep-2020,473.21,475.84,470.5,471.16,32556000
DSEH,16-Sep-2020,48.54,50.23,47.98,49.11,288100
DSEN,16-Sep-2020,266.38,280.81,266.38,277.23,421657800
DSES,16-Sep-2020,242.45,244.48,240.4,241.52,2597500
DSEU,16-Sep-2020,279.5,282.79,279.36,280.7,65880200
DSFA,16-Sep-2020,698.81,705.37,689.5,690.2,50551800
DSFB,16-Sep-2020,653.75,656.95,649.28,649.67,91928200
DSFC,16-Sep-2020,132.58,134.46,132.58,133.12,30861800
DSFD,16-Sep-2020,565.99,570.43,564,564.46,30908600
DSFE,16-Sep-2020,723.11,729.24,717.38,721.91,29212500
DSFH,16-Sep-2020,296.55,298.99,293.15,294.77,5511300
DSFI,16-Sep-2020,1187.91,1206.58,1186.75,1193.32,148385600
DSFN,16-Sep-2020,579.27,588.51,578.05,582.09,788353600
DSFO,16-Sep-2020,397.47,400.07,395.37,395.64,64185700
DSFP,16-Sep-2020,549.96,553.55,547.05,547.42,64185700
DSFR,16-Sep-2020,121.4,122.52,117.36,117.5,682600
DSFT,16-Sep-2020,2115.24,2139.56,2115.24,2122.35,11149300
DSFV,16-Sep-2020,618.36,630.61,616.75,623.15,0
DSGF,16-Sep-2020,1331.71,1352.64,1330.4,1337.77,148385600
DSGI,16-Sep-2020,421.16,431.34,420.53,427.71,294772800
DSGT,16-Sep-2020,2189.22,2189.61,2140.27,2141.43,144631800
DSGU,16-Sep-2020,240.42,244.69,240.13,242.65,10858100
DSHB,16-Sep-2020,1175.63,1219.4,1173.71,1207.68,15298900
DSHC,16-Sep-2020,1167.63,1171.99,1160.5,1161.39,264577400
DSHD,16-Sep-2020,262.16,267.77,261.26,264.49,4323700
DSHG,16-Sep-2020,878.46,886.28,877.59,877.87,35310100
DSHI,16-Sep-2020,610.09,612.31,599.3,600.06,9561500
DSHL,16-Sep-2020,62.3,63.15,60.68,62.32,32184600
DSHN,16-Sep-2020,1108.27,1119.38,1100.26,1100.68,10176100
DSHP,16-Sep-2020,2169.61,2194.96,2163.69,2171.89,46795900
DSHR,16-Sep-2020,2325.75,2344.83,2305.28,2328.38,15713100
DSHV,16-Sep-2020,428.5,433.87,427.28,430.53,6835700
DSIB,16-Sep-2020,426.53,430.39,425.45,425.8,3389000
DSID,16-Sep-2020,433.39,446.26,433.31,443.01,265300800
DSIF,16-Sep-2020,28.98,30.07,28.8,29.78,14416100
DSIG,16-Sep-2020,878.55,888.25,877.74,878.54,579813300
DSIL,16-Sep-2020,597.61,612.38,595.94,602.87,37695800
DSIM,16-Sep-2020,179.25,183.97,177.88,182.08,52414900
DSIN,16-Sep-2020,822.73,831.94,821.56,822.95,612786600
DSIO,16-Sep-2020,107.58,108.62,106.91,107.56,52683500
DSIP,16-Sep-2020,804.74,816.77,803.69,806.69,23167800
DSIQ,16-Sep-2020,2216.06,2234.52,2197.62,2215.28,44925600
DSIR,16-Sep-2020,609.39,617.77,609.29,611.66,85682600
DSIS,16-Sep-2020,739.32,744.31,731.77,732.18,109238300
DSIT,16-Sep-2020,1383.1,1396.97,1366.07,1367.64,47556600
DSIU,16-Sep-2020,276.41,280.34,276.37,277.14,7013700
DSIV,16-Sep-2020,861.29,869.9,855.04,855.72,42917100
DSIX,16-Sep-2020,598.45,605.86,598.33,600.25,47986800
DSLE,16-Sep-2020,794.91,799.06,779.91,780.88,60941000
DSLG,16-Sep-2020,1799.28,1838.1,1777.29,1819.44,13362900
DSLW,16-Sep-2020,1143.96,1155.63,1141.73,1142.33,0
DSMC,16-Sep-2020,1844.01,1853.72,1833.37,1835.9,99200100
DSME,16-Sep-2020,1042.23,1058.35,1040.97,1045.52,173099700
DSMF,16-Sep-2020,6.56,6.63,6.5,6.55,17469500
DSMG,16-Sep-2020,140.82,142.01,139.65,139.76,9642100
DSMR,16-Sep-2020,35.01,35.65,34.75,35.37,49002800
DSMS,16-Sep-2020,1064.74,1077.39,1063,1064.47,8706300
DSMT,16-Sep-2020,123.49,129.76,121.67,128.15,955800
DSMU,16-Sep-2020,204.61,207.55,204.33,206.45,16399200
DSNC,16-Sep-2020,761.61,767.07,757.61,757.78,438091100
DSNF,16-Sep-2020,219.51,229.28,218.24,224.46,27425700
DSNG,16-Sep-2020,896.05,901.74,891.59,891.81,191511100
DSNS,16-Sep-2020,2413.17,2440.62,2370.92,2373.31,113504100
DSOG,16-Sep-2020,293.12,309.3,293.12,305.23,278036600
DSOI,16-Sep-2020,116.23,123.44,116.23,121.82,98167900
DSOL,16-Sep-2020,282.09,295.85,281.47,292.69,97063100
DSOQ,16-Sep-2020,188.64,198.54,188.64,196.33,142108300
DSOS,16-Sep-2020,321.13,341.65,321.13,336.04,180973500
DSPB,16-Sep-2020,454.6,457.61,451.89,452.07,8575500
DSPC,16-Sep-2020,336.23,340.43,334.77,335.11,5441500
DSPG,16-Sep-2020,727.24,735.48,727.24,728.76,81404200
DSPL,16-Sep-2020,423.77,442.84,423.77,438.43,43940400
DSPM,16-Sep-2020,151.98,153.23,150.68,150.8,5898000
DSPN,16-Sep-2020,884.34,887.17,878.64,878.8,165377300
DSPP,16-Sep-2020,100.34,101.27,97,97.11,682600
DSPR,16-Sep-2020,628.13,632.12,626.71,626.73,67389200
DSRA,16-Sep-2020,899.82,920.16,895.83,908.47,53168000
DSRB,16-Sep-2020,3198.27,3198.27,3104.52,3108,38031200
DSRD,16-Sep-2020,640.41,660.98,639.6,653.16,13295100
DSRE,16-Sep-2020,330.35,333.32,328.91,330.03,262756300
DSRH,16-Sep-2020,508.76,513.52,504.6,507.15,2885700
DSRI,16-Sep-2020,135.64,136.86,135.04,135.52,259870600
DSRL,16-Sep-2020,65.45,67,64.91,66.29,35210400
DSRN,16-Sep-2020,200.55,202.64,199.7,200.2,16620200
DSRP,16-Sep-2020,454.71,455.63,442.71,442.78,3863400
DSRQ,16-Sep-2020,73.74,76.45,73.16,75.32,83445700
DSRR,16-Sep-2020,2801.37,2831.24,2768.84,2772.71,9844600
DSRS,16-Sep-2020,2313.36,2322.42,2266.93,2269.66,27426700
DSRT,16-Sep-2020,1893.65,1894.21,1855.41,1856.3,188835600
DSRU,16-Sep-2020,2062.55,2089.38,2055.16,2069.19,29300400
DSSB,16-Sep-2020,1161.98,1183.85,1160.4,1171.31,37302100
DSSC,16-Sep-2020,5222.9,5232.76,5133.49,5134.55,157656900
DSSD,16-Sep-2020,746.91,751.56,741.79,742.27,23432200
DSSF,16-Sep-2020,412.82,418.04,411.68,413.05,55216400
DSSP,16-Sep-2020,388.93,392.59,388.07,388.8,9888600
DSSR,16-Sep-2020,248.17,250.34,247.13,247.27,62950000
DSST,16-Sep-2020,195.74,199.8,193.85,197.8,18501100
DSSV,16-Sep-2020,3760.74,3770.61,3681.55,3683.19,323176600
DSSW,16-Sep-2020,4094.88,4094.88,3988.37,3991.74,191031500
DSTB,16-Sep-2020,619.9,622.25,607.91,608.26,13855600
DSTC,16-Sep-2020,3101.12,3105.57,3036.08,3036.93,737513400
DSTK,16-Sep-2020,1135.53,1139.47,1105.39,1106.53,8013900
DSTL,16-Sep-2020,173.7,174.9,173.19,173.24,50125000
DSTP,16-Sep-2020,841.42,845.57,834.59,834.82,0
DSTQ,16-Sep-2020,2771.12,2777.6,2713.37,2713.62,414336700
DSTR,16-Sep-2020,34.1,34.1,32.82,32.86,3491200
DSTS,16-Sep-2020,205.17,213.07,205.17,209.79,4821700
DSTT,16-Sep-2020,625.99,639.89,623.48,629.16,36393600
DSTY,16-Sep-2020,1189.24,1197.91,1168.02,1170.25,57077600
DSUO,16-Sep-2020,289.32,293.26,288.99,291.38,28917000
DSUT,16-Sep-2020,291.68,295.28,291.53,293.17,94797300
DSVE,16-Sep-2020,279.84,283.14,279.7,281.04,65880200
DSVN,16-Sep-2020,470.07,471.21,461.05,462.05,1776100
DSWC,16-Sep-2020,417.92,420.37,414.73,415,19263100
DSWU,16-Sep-2020,2929.45,2968.16,2911.11,2916.57,1659500
DTCI,16-Sep-2020,1660.36,1684.68,1660.36,1668.08,0
DTEI,16-Sep-2020,2026.43,2055.16,2026.43,2034.77,0
DTFD,16-Sep-2020,80,85,80,85,0
DTFI,16-Sep-2020,90,90,90,90,0
DTFX,16-Sep-2020,127.72,128.17,127.5,127.75,0
DTOF,16-Sep-2020,95,95,95,95,0
DTOH,16-Sep-2020,90,95,90,95,0
DTTH,16-Sep-2020,65,70,65,70,0
DTTW,16-Sep-2020,70,80,70,75,0
DTWC,16-Sep-2020,21562.81,21836.42,21562.81,21599.81,0
DTWI,16-Sep-2020,64412.45,65261.82,64412.45,64497.07,0
DTWT,16-Sep-2020,18730.08,19079.1,18730.08,18857.67,0
DTWU,16-Sep-2020,3696.27,3701.82,3660.29,3677.48,0
DUBS,16-Sep-2020,71.9,72.34,71.81,72.29,0
DUFD,16-Sep-2020,86.66,100,86.66,93.33,0
DUFI,16-Sep-2020,40,46.66,40,40,0
DUOF,16-Sep-2020,53.33,53.33,53.33,53.33,0
DUOH,16-Sep-2020,46.66,46.66,46.66,46.66,0
DUSL,16-Sep-2020,753.1,755.95,745.92,746.12,0
DUSM,16-Sep-2020,1182.04,1193.98,1179.61,1180.28,0
DUSS,16-Sep-2020,1081.03,1092.26,1078.82,1079.62,0
DUTH,16-Sep-2020,26.66,33.33,26.66,33.33,0
DUTW,16-Sep-2020,60,80,60,66.66,0
DVCA,16-Sep-2020,5.63,74.55,5.63,74.55,0
DVCC,16-Sep-2020,2.95,32.91,2.95,23.88,0
DVCE,16-Sep-2020,11.19,642.12,11.19,642.12,0
DVCN,16-Sep-2020,49.42,1241.06,49.42,1241.06,0
DVCQ,16-Sep-2020,65.5,1217.39,65.5,1217.39,0
DVCS,16-Sep-2020,4.34,170.82,4.34,170.82,0
DVCT,16-Sep-2020,120.55,2533.01,120.55,2533.01,0
DVCU,16-Sep-2020,229.09,3872.36,229.09,2926.2,0
DVCV,16-Sep-2020,6.84,73.47,6.84,73.28,0
DVCX,16-Sep-2020,14.14,273.98,14.14,268,0
DVS,16-Sep-2020,133.6,134.8,133.6,134.8,0
DWCB,16-Sep-2020,3990.79,4092.29,3968.89,4038.56,0
DXY,16-Sep-2020,93.11,93.28,92.78,93.19,0
ESFD,16-Sep-2020,83.54,91.93,79.67,79.67,0
ESFI,16-Sep-2020,63.87,70.96,63.87,66.45,0
ESOF,16-Sep-2020,71.29,76.77,70.96,74.83,0
ESOH,16-Sep-2020,76.12,79.67,76.12,78.06,0
ESTH,16-Sep-2020,61.93,63.87,61.93,62.25,0
ESTW,16-Sep-2020,56.12,67.74,54.51,55.8,0
EVZ,16-Sep-2020,7.72,7.92,7.37,7.43,0
FBV,16-Sep-2020,23.62,23.7,23.6,23.66,0
FVX,16-Sep-2020,0.26,0.28,0.25,0.27,0
GLD,16-Sep-2020,1953.42,1971.34,1950.65,1959.24,261851
GMI,16-Sep-2020,42.98,43.35,42.68,42.83,0
GNX,16-Sep-2020,345.14,352.33,344.95,351.99,0
GVZ,16-Sep-2020,20.32,21.4,20.05,20.08,0
HGX,16-Sep-2020,380.28,389.54,378.14,385.24,0
HIGA,16-Sep-2020,3,3,3,3,0
HIGC,16-Sep-2020,0.01,0.01,0.01,0.01,0
HIGD,16-Sep-2020,0.01,0.01,0.01,0.01,0
HIGE,16-Sep-2020,38,38,38,38,0
HIGN,16-Sep-2020,57,57,57,57,0
HIGQ,16-Sep-2020,68,68,68,68,0
HIGS,16-Sep-2020,21,21,21,21,0
HIGU,16-Sep-2020,169,169,169,169,0
HIGV,16-Sep-2020,5,5,5,5,0
HUI,16-Sep-2020,359.2,360,352.71,355.18,0
HVX,16-Sep-2020,100.89,102.31,100.89,101.23,0
IDX,16-Sep-2020,1901.42,1921.9,1896.61,1898.55,576705700
INDS,16-Sep-2020,8814.01,8850.29,8704.24,8707.7,0
INSR,16-Sep-2020,8943.16,9074.02,8943.16,8975.82,0
IQX,16-Sep-2020,4491.8,4571.68,4491.8,4519.48,0
IQZ,16-Sep-2020,10695.32,10825.61,10682.12,10692.21,0
IRX,16-Sep-2020,0.09,0.1,0.09,0.1,0
IVX,16-Sep-2020,1136.68,1152.26,1136.68,1140.36,0
IXB,16-Sep-2020,700.54,708.14,698.45,700.12,0
IXCO,16-Sep-2020,7774.02,7784.89,7600.53,7604.28,0
IXE,16-Sep-2020,339.06,355.22,337.3,350.68,0
IXF,16-Sep-2020,4460.78,4527.42,4455.64,4477.09,0
IXHC,16-Sep-2020,1048.21,1054.16,1040.28,1042.26,0
IXI,16-Sep-2020,793.74,805.96,792.03,797.82,0
IXM,16-Sep-2020,303.73,309.92,303.22,306.54,0
IXR,16-Sep-2020,652.93,655.64,647.87,648.07,0
IXTC,16-Sep-2020,418.14,421.24,413.61,414.01,0
IXU,16-Sep-2020,601.39,608.05,600.7,603.8,0
IXV,16-Sep-2020,1074.07,1078.11,1067.22,1067.99,0
IXY,16-Sep-2020,1507.22,1512.52,1491.5,1492.04,0
JX,16-Sep-2020,743.49,748.54,742.71,747.35,81319600
KDX,16-Sep-2020,79.55,81.16,79.4,80.3,0
KIX,16-Sep-2020,249.61,254.53,249.32,251.45,0
KLX,16-Sep-2020,31.97,32.41,31.78,32.09,0
KPX,16-Sep-2020,647.72,659.92,646.87,651.91,0
KRX,16-Sep-2020,67.43,68.96,66.86,68,0
KSX,16-Sep-2020,366.05,374.46,366.04,370.13,0
KYX,16-Sep-2020,48.18,49.28,47.89,48.62,0
LOWA,16-Sep-2020,0.01,0.01,0.01,0.01,0
LOWC,16-Sep-2020,1,1,1,1,0
LOWD,16-Sep-2020,0.01,0.01,0.01,0.01,0
LOWE,16-Sep-2020,8,8,8,8,0
LOWN,16-Sep-2020,4,4,4,4,0
LOWQ,16-Sep-2020,8,8,8,8,0
LOWS,16-Sep-2020,3,3,3,3,0
LOWU,16-Sep-2020,47,47,47,47,0
LOWV,16-Sep-2020,1,1,1,1,0
M1DA,16-Sep-2020,17,17,17,17,18900
M1DB,16-Sep-2020,13,13,13,13,2800
M1DC,16-Sep-2020,64,64,64,64,196000
M1DE,16-Sep-2020,192,192,192,192,185800
M1DF,16-Sep-2020,3,3,3,3,6000
M1DG,16-Sep-2020,111,111,111,111,98500
M1DH,16-Sep-2020,224,224,224,224,364000
M1DI,16-Sep-2020,24,24,24,24,7300
M1DJ,16-Sep-2020,3,3,3,3,2800
M1DK,16-Sep-2020,8,8,8,8,7100
M1DL,16-Sep-2020,16,16,16,16,305100
M1DM,16-Sep-2020,-4,-4,-4,-4,3300
M1DN,16-Sep-2020,139,139,139,139,189900
M1DO,16-Sep-2020,9,9,9,9,10000
M1DP,16-Sep-2020,80,80,80,80,49800
M1DQ,16-Sep-2020,84,84,84,84,266300
M1DR,16-Sep-2020,9,9,9,9,3100
M1DS,16-Sep-2020,5,5,5,5,6200
M1DT,16-Sep-2020,-1,-1,-1,-1,2600
M1DU,16-Sep-2020,-24,-24,-24,-24,284100
M1DV,16-Sep-2020,264,264,264,264,385000
M1DW,16-Sep-2020,8,8,8,8,2600
M1DX,16-Sep-2020,240,240,240,240,475100
M1DY,16-Sep-2020,12,12,12,12,6100
M1DZ,16-Sep-2020,163,163,163,163,276500
M1HA,16-Sep-2020,25,25,25,25,18900
M1HB,16-Sep-2020,14,14,14,14,2800
M1HC,16-Sep-2020,252,252,252,252,196000
M1HE,16-Sep-2020,227,227,227,227,185800
M1HF,16-Sep-2020,8,8,8,8,6000
M1HG,16-Sep-2020,193,193,193,193,98500
M1HH,16-Sep-2020,486,486,486,486,364000
M1HI,16-Sep-2020,26,26,26,26,7300
M1HJ,16-Sep-2020,3,3,3,3,2800
M1HK,16-Sep-2020,9,9,9,9,7100
M1HL,16-Sep-2020,152,152,152,152,305100
M1HM,16-Sep-2020,4,4,4,4,3300
M1HN,16-Sep-2020,303,303,303,303,189900
M1HO,16-Sep-2020,16,16,16,16,10000
M1HP,16-Sep-2020,107,107,107,107,49800
M1HQ,16-Sep-2020,310,310,310,310,266300
M1HR,16-Sep-2020,9,9,9,9,3100
M1HS,16-Sep-2020,9,9,9,9,6200
M1HT,16-Sep-2020,0.01,0.01,0.01,0.01,2600
M1HU,16-Sep-2020,89,89,89,89,284100
M1HV,16-Sep-2020,549,549,549,549,385000
M1HW,16-Sep-2020,8,8,8,8,2600
M1HX,16-Sep-2020,638,638,638,638,475100
M1HY,16-Sep-2020,17,17,17,17,6100
M1HZ,16-Sep-2020,423,423,423,423,276500
M1LA,16-Sep-2020,8,8,8,8,18900
M1LB,16-Sep-2020,1,1,1,1,2800
M1LC,16-Sep-2020,188,188,188,188,196000
M1LE,16-Sep-2020,35,35,35,35,185800
M1LF,16-Sep-2020,5,5,5,5,6000
M1LG,16-Sep-2020,82,82,82,82,98500
M1LH,16-Sep-2020,262,262,262,262,364000
M1LI,16-Sep-2020,2,2,2,2,7300
M1LJ,16-Sep-2020,0.01,0.01,0.01,0.01,2800
M1LK,16-Sep-2020,1,1,1,1,7100
M1LL,16-Sep-2020,136,136,136,136,305100
M1LM,16-Sep-2020,8,8,8,8,3300
M1LN,16-Sep-2020,164,164,164,164,189900
M1LO,16-Sep-2020,7,7,7,7,10000
M1LP,16-Sep-2020,27,27,27,27,49800
M1LQ,16-Sep-2020,226,226,226,226,266300
M1LR,16-Sep-2020,0.01,0.01,0.01,0.01,3100
M1LS,16-Sep-2020,4,4,4,4,6200
M1LT,16-Sep-2020,1,1,1,1,2600
M1LU,16-Sep-2020,113,113,113,113,284100
M1LV,16-Sep-2020,285,285,285,285,385000
M1LW,16-Sep-2020,0.01,0.01,0.01,0.01,2600
M1LX,16-Sep-2020,398,398,398,398,475100
M1LY,16-Sep-2020,5,5,5,5,6100
M1LZ,16-Sep-2020,260,260,260,260,276500
M3DA,16-Sep-2020,10,10,10,10,18900
M3DB,16-Sep-2020,12,12,12,12,2800
M3DC,16-Sep-2020,72,72,72,72,196000
M3DE,16-Sep-2020,149,149,149,149,185800
M3DF,16-Sep-2020,3,3,3,3,6000
M3DG,16-Sep-2020,109,109,109,109,98500
M3DH,16-Sep-2020,219,219,219,219,364000
M3DI,16-Sep-2020,24,24,24,24,7300
M3DJ,16-Sep-2020,1,1,1,1,2800
M3DK,16-Sep-2020,5,5,5,5,7100
M3DL,16-Sep-2020,5,5,5,5,305100
M3DM,16-Sep-2020,0.01,0.01,0.01,0.01,3300
M3DN,16-Sep-2020,142,142,142,142,189900
M3DO,16-Sep-2020,8,8,8,8,10000
M3DP,16-Sep-2020,72,72,72,72,49800
M3DQ,16-Sep-2020,72,72,72,72,266300
M3DR,16-Sep-2020,3,3,3,3,3100
M3DS,16-Sep-2020,5,5,5,5,6200
M3DT,16-Sep-2020,-1,-1,-1,-1,2600
M3DU,16-Sep-2020,-11,-11,-11,-11,284100
M3DV,16-Sep-2020,235,235,235,235,385000
M3DW,16-Sep-2020,7,7,7,7,2600
M3DX,16-Sep-2020,224,224,224,224,475100
M3DY,16-Sep-2020,13,13,13,13,6100
M3DZ,16-Sep-2020,180,180,180,180,276500
M3HA,16-Sep-2020,13,13,13,13,18900
M3HB,16-Sep-2020,12,12,12,12,2800
M3HC,16-Sep-2020,143,143,143,143,196000
M3HE,16-Sep-2020,166,166,166,166,185800
M3HF,16-Sep-2020,5,5,5,5,6000
M3HG,16-Sep-2020,138,138,138,138,98500
M3HH,16-Sep-2020,310,310,310,310,364000
M3HI,16-Sep-2020,24,24,24,24,7300
M3HJ,16-Sep-2020,1,1,1,1,2800
M3HK,16-Sep-2020,5,5,5,5,7100
M3HL,16-Sep-2020,68,68,68,68,305100
M3HM,16-Sep-2020,2,2,2,2,3300
M3HN,16-Sep-2020,205,205,205,205,189900
M3HO,16-Sep-2020,11,11,11,11,10000
M3HP,16-Sep-2020,80,80,80,80,49800
M3HQ,16-Sep-2020,160,160,160,160,266300
M3HR,16-Sep-2020,3,3,3,3,3100
M3HS,16-Sep-2020,8,8,8,8,6200
M3HT,16-Sep-2020,0.01,0.01,0.01,0.01,2600
M3HU,16-Sep-2020,34,34,34,34,284100
M3HV,16-Sep-2020,344,344,344,344,385000
M3HW,16-Sep-2020,7,7,7,7,2600
M3HX,16-Sep-2020,378,378,378,378,475100
M3HY,16-Sep-2020,13,13,13,13,6100
M3HZ,16-Sep-2020,273,273,273,273,276500
M3LA,16-Sep-2020,3,3,3,3,18900
M3LB,16-Sep-2020,0.01,0.01,0.01,0.01,2800
M3LC,16-Sep-2020,71,71,71,71,196000
M3LE,16-Sep-2020,17,17,17,17,185800
M3LF,16-Sep-2020,2,2,2,2,6000
M3LG,16-Sep-2020,29,29,29,29,98500
M3LH,16-Sep-2020,91,91,91,91,364000
M3LI,16-Sep-2020,0.01,0.01,0.01,0.01,7300
M3LJ,16-Sep-2020,0.01,0.01,0.01,0.01,2800
M3LK,16-Sep-2020,0.01,0.01,0.01,0.01,7100
M3LL,16-Sep-2020,63,63,63,63,305100
M3LM,16-Sep-2020,2,2,2,2,3300
M3LN,16-Sep-2020,63,63,63,63,189900
M3LO,16-Sep-2020,3,3,3,3,10000
M3LP,16-Sep-2020,8,8,8,8,49800
M3LQ,16-Sep-2020,88,88,88,88,266300
M3LR,16-Sep-2020,0.01,0.01,0.01,0.01,3100
M3LS,16-Sep-2020,3,3,3,3,6200
M3LT,16-Sep-2020,1,1,1,1,2600
M3LU,16-Sep-2020,45,45,45,45,284100
M3LV,16-Sep-2020,109,109,109,109,385000
M3LW,16-Sep-2020,0.01,0.01,0.01,0.01,2600
M3LX,16-Sep-2020,154,154,154,154,475100
M3LY,16-Sep-2020,0.01,0.01,0.01,0.01,6100
M3LZ,16-Sep-2020,93,93,93,93,276500
M5DA,16-Sep-2020,45,45,45,45,18900
M5DB,16-Sep-2020,16,16,16,16,2800
M5DC,16-Sep-2020,521,521,521,521,196000
M5DE,16-Sep-2020,1128,1128,1128,1128,185800
M5DF,16-Sep-2020,24,24,24,24,6000
M5DG,16-Sep-2020,391,391,391,391,98500
M5DH,16-Sep-2020,865,865,865,865,364000
M5DI,16-Sep-2020,55,55,55,55,7300
M5DJ,16-Sep-2020,9,9,9,9,2800
M5DK,16-Sep-2020,49,49,49,49,7100
M5DL,16-Sep-2020,421,421,421,421,305100
M5DM,16-Sep-2020,0.01,0.01,0.01,0.01,3300
M5DN,16-Sep-2020,594,594,594,594,189900
M5DO,16-Sep-2020,39,39,39,39,10000
M5DP,16-Sep-2020,249,249,249,249,49800
M5DQ,16-Sep-2020,647,647,647,647,266300
M5DR,16-Sep-2020,16,16,16,16,3100
M5DS,16-Sep-2020,23,23,23,23,6200
M5DT,16-Sep-2020,19,19,19,19,2600
M5DU,16-Sep-2020,159,159,159,159,284100
M5DV,16-Sep-2020,1127,1127,1127,1127,385000
M5DW,16-Sep-2020,17,17,17,17,2600
M5DX,16-Sep-2020,1286,1286,1286,1286,475100
M5DY,16-Sep-2020,21,21,21,21,6100
M5DZ,16-Sep-2020,864,864,864,864,276500
M5HA,16-Sep-2020,71,71,71,71,18900
M5HB,16-Sep-2020,17,17,17,17,2800
M5HC,16-Sep-2020,820,820,820,820,196000
M5HE,16-Sep-2020,1249,1249,1249,1249,185800
M5HF,16-Sep-2020,31,31,31,31,6000
M5HG,16-Sep-2020,509,509,509,509,98500
M5HH,16-Sep-2020,1301,1301,1301,1301,364000
M5HI,16-Sep-2020,59,59,59,59,7300
M5HJ,16-Sep-2020,10,10,10,10,2800
M5HK,16-Sep-2020,50,50,50,50,7100
M5HL,16-Sep-2020,690,690,690,690,305100
M5HM,16-Sep-2020,10,10,10,10,3300
M5HN,16-Sep-2020,857,857,857,857,189900
M5HO,16-Sep-2020,49,49,49,49,10000
M5HP,16-Sep-2020,288,288,288,288,49800
M5HQ,16-Sep-2020,1063,1063,1063,1063,266300
M5HR,16-Sep-2020,16,16,16,16,3100
M5HS,16-Sep-2020,29,29,29,29,6200
M5HT,16-Sep-2020,20,20,20,20,2600
M5HU,16-Sep-2020,386,386,386,386,284100
M5HV,16-Sep-2020,1605,1605,1605,1605,385000
M5HW,16-Sep-2020,18,18,18,18,2600
M5HX,16-Sep-2020,1991,1991,1991,1991,475100
M5HY,16-Sep-2020,28,28,28,28,6100
M5HZ,16-Sep-2020,1258,1258,1258,1258,276500
M5LA,16-Sep-2020,26,26,26,26,18900
M5LB,16-Sep-2020,1,1,1,1,2800
M5LC,16-Sep-2020,299,299,299,299,196000
M5LE,16-Sep-2020,121,121,121,121,185800
M5LF,16-Sep-2020,7,7,7,7,6000
M5LG,16-Sep-2020,118,118,118,118,98500
M5LH,16-Sep-2020,436,436,436,436,364000
M5LI,16-Sep-2020,4,4,4,4,7300
M5LJ,16-Sep-2020,1,1,1,1,2800
M5LK,16-Sep-2020,1,1,1,1,7100
M5LL,16-Sep-2020,269,269,269,269,305100
M5LM,16-Sep-2020,10,10,10,10,3300
M5LN,16-Sep-2020,263,263,263,263,189900
M5LO,16-Sep-2020,10,10,10,10,10000
M5LP,16-Sep-2020,39,39,39,39,49800
M5LQ,16-Sep-2020,416,416,416,416,266300
M5LR,16-Sep-2020,0.01,0.01,0.01,0.01,3100
M5LS,16-Sep-2020,6,6,6,6,6200
M5LT,16-Sep-2020,1,1,1,1,2600
M5LU,16-Sep-2020,227,227,227,227,284100
M5LV,16-Sep-2020,478,478,478,478,385000
M5LW,16-Sep-2020,1,1,1,1,2600
M5LX,16-Sep-2020,705,705,705,705,475100
M5LY,16-Sep-2020,7,7,7,7,6100
M5LZ,16-Sep-2020,394,394,394,394,276500
M6DA,16-Sep-2020,9,9,9,9,18900
M6DB,16-Sep-2020,10,10,10,10,2800
M6DC,16-Sep-2020,105,105,105,105,196000
M6DE,16-Sep-2020,128,128,128,128,185800
M6DF,16-Sep-2020,1,1,1,1,6000
M6DG,16-Sep-2020,102,102,102,102,98500
M6DH,16-Sep-2020,232,232,232,232,364000
M6DI,16-Sep-2020,20,20,20,20,7300
M6DJ,16-Sep-2020,0.01,0.01,0.01,0.01,2800
M6DK,16-Sep-2020,2,2,2,2,7100
M6DL,16-Sep-2020,39,39,39,39,305100
M6DM,16-Sep-2020,2,2,2,2,3300
M6DN,16-Sep-2020,153,153,153,153,189900
M6DO,16-Sep-2020,10,10,10,10,10000
M6DP,16-Sep-2020,59,59,59,59,49800
M6DQ,16-Sep-2020,109,109,109,109,266300
M6DR,16-Sep-2020,2,2,2,2,3100
M6DS,16-Sep-2020,7,7,7,7,6200
M6DT,16-Sep-2020,0.01,0.01,0.01,0.01,2600
M6DU,16-Sep-2020,18,18,18,18,284100
M6DV,16-Sep-2020,253,253,253,253,385000
M6DW,16-Sep-2020,4,4,4,4,2600
M6DX,16-Sep-2020,271,271,271,271,475100
M6DY,16-Sep-2020,11,11,11,11,6100
M6DZ,16-Sep-2020,200,200,200,200,276500
M6HA,16-Sep-2020,9,9,9,9,18900
M6HB,16-Sep-2020,10,10,10,10,2800
M6HC,16-Sep-2020,112,112,112,112,196000
M6HE,16-Sep-2020,137,137,137,137,185800
M6HF,16-Sep-2020,1,1,1,1,6000
M6HG,16-Sep-2020,102,102,102,102,98500
M6HH,16-Sep-2020,237,237,237,237,364000
M6HI,16-Sep-2020,20,20,20,20,7300
M6HJ,16-Sep-2020,0.01,0.01,0.01,0.01,2800
M6HK,16-Sep-2020,2,2,2,2,7100
M6HL,16-Sep-2020,50,50,50,50,305100
M6HM,16-Sep-2020,2,2,2,2,3300
M6HN,16-Sep-2020,160,160,160,160,189900
M6HO,16-Sep-2020,10,10,10,10,10000
M6HP,16-Sep-2020,59,59,59,59,49800
M6HQ,16-Sep-2020,118,118,118,118,266300
M6HR,16-Sep-2020,2,2,2,2,3100
M6HS,16-Sep-2020,7,7,7,7,6200
M6HT,16-Sep-2020,0.01,0.01,0.01,0.01,2600
M6HU,16-Sep-2020,24,24,24,24,284100
M6HV,16-Sep-2020,263,263,263,263,385000
M6HW,16-Sep-2020,4,4,4,4,2600
M6HX,16-Sep-2020,287,287,287,287,475100
M6HY,16-Sep-2020,11,11,11,11,6100
M6HZ,16-Sep-2020,207,207,207,207,276500
M6LA,16-Sep-2020,0.01,0.01,0.01,0.01,18900
M6LB,16-Sep-2020,0.01,0.01,0.01,0.01,2800
M6LC,16-Sep-2020,7,7,7,7,196000
M6LE,16-Sep-2020,9,9,9,9,185800
M6LF,16-Sep-2020,0.01,0.01,0.01,0.01,6000
M6LG,16-Sep-2020,0.01,0.01,0.01,0.01,98500
M6LH,16-Sep-2020,5,5,5,5,364000
M6LI,16-Sep-2020,0.01,0.01,0.01,0.01,7300
M6LJ,16-Sep-2020,0.01,0.01,0.01,0.01,2800
M6LK,16-Sep-2020,0.01,0.01,0.01,0.01,7100
M6LL,16-Sep-2020,11,11,11,11,305100
M6LM,16-Sep-2020,0.01,0.01,0.01,0.01,3300
M6LN,16-Sep-2020,7,7,7,7,189900
M6LO,16-Sep-2020,0.01,0.01,0.01,0.01,10000
M6LP,16-Sep-2020,0.01,0.01,0.01,0.01,49800
M6LQ,16-Sep-2020,9,9,9,9,266300
M6LR,16-Sep-2020,0.01,0.01,0.01,0.01,3100
M6LS,16-Sep-2020,0.01,0.01,0.01,0.01,6200
M6LT,16-Sep-2020,0.01,0.01,0.01,0.01,2600
M6LU,16-Sep-2020,6,6,6,6,284100
M6LV,16-Sep-2020,10,10,10,10,385000
M6LW,16-Sep-2020,0.01,0.01,0.01,0.01,2600
M6LX,16-Sep-2020,16,16,16,16,475100
M6LY,16-Sep-2020,0.01,0.01,0.01,0.01,6100
M6LZ,16-Sep-2020,7,7,7,7,276500
MADA,16-Sep-2020,6,6,6,6,18900
MADB,16-Sep-2020,3,3,3,3,2800
MADC,16-Sep-2020,51,51,51,51,196000
MADE,16-Sep-2020,23,23,23,23,185800
MADF,16-Sep-2020,0.01,0.01,0.01,0.01,6000
MADG,16-Sep-2020,39,39,39,39,98500
MADH,16-Sep-2020,106,106,106,106,364000
MADI,16-Sep-2020,10,10,10,10,7300
MADJ,16-Sep-2020,0.01,0.01,0.01,0.01,2800
MADK,16-Sep-2020,2,2,2,2,7100
MADL,16-Sep-2020,14,14,14,14,305100
MADM,16-Sep-2020,1,1,1,1,3300
MADN,16-Sep-2020,53,53,53,53,189900
MADO,16-Sep-2020,6,6,6,6,10000
MADP,16-Sep-2020,23,23,23,23,49800
MADQ,16-Sep-2020,61,61,61,61,266300
MADR,16-Sep-2020,1,1,1,1,3100
MADS,16-Sep-2020,3,3,3,3,6200
MADT,16-Sep-2020,0.01,0.01,0.01,0.01,2600
MADU,16-Sep-2020,-2,-2,-2,-2,284100
MADV,16-Sep-2020,122,122,122,122,385000
MADW,16-Sep-2020,1,1,1,1,2600
MADX,16-Sep-2020,120,120,120,120,475100
MADY,16-Sep-2020,2,2,2,2,6100
MADZ,16-Sep-2020,84,84,84,84,276500
MAHA,16-Sep-2020,6,6,6,6,18900
MAHB,16-Sep-2020,3,3,3,3,2800
MAHC,16-Sep-2020,58,58,58,58,196000
MAHE,16-Sep-2020,31,31,31,31,185800
MAHF,16-Sep-2020,0.01,0.01,0.01,0.01,6000
MAHG,16-Sep-2020,39,39,39,39,98500
MAHH,16-Sep-2020,111,111,111,111,364000
MAHI,16-Sep-2020,10,10,10,10,7300
MAHJ,16-Sep-2020,0.01,0.01,0.01,0.01,2800
MAHK,16-Sep-2020,2,2,2,2,7100
MAHL,16-Sep-2020,22,22,22,22,305100
MAHM,16-Sep-2020,1,1,1,1,3300
MAHN,16-Sep-2020,58,58,58,58,189900
MAHO,16-Sep-2020,6,6,6,6,10000
MAHP,16-Sep-2020,23,23,23,23,49800
MAHQ,16-Sep-2020,69,69,69,69,266300
MAHR,16-Sep-2020,1,1,1,1,3100
MAHS,16-Sep-2020,3,3,3,3,6200
MAHT,16-Sep-2020,0.01,0.01,0.01,0.01,2600
MAHU,16-Sep-2020,4,4,4,4,284100
MAHV,16-Sep-2020,129,129,129,129,385000
MAHW,16-Sep-2020,1,1,1,1,2600
MAHX,16-Sep-2020,133,133,133,133,475100
MAHY,16-Sep-2020,2,2,2,2,6100
MAHZ,16-Sep-2020,91,91,91,91,276500
MALA,16-Sep-2020,0.01,0.01,0.01,0.01,18900
MALB,16-Sep-2020,0.01,0.01,0.01,0.01,2800
MALC,16-Sep-2020,7,7,7,7,196000
MALE,16-Sep-2020,8,8,8,8,185800
MALF,16-Sep-2020,0.01,0.01,0.01,0.01,6000
MALG,16-Sep-2020,0.01,0.01,0.01,0.01,98500
MALH,16-Sep-2020,5,5,5,5,364000
MALI,16-Sep-2020,0.01,0.01,0.01,0.01,7300
MALJ,16-Sep-2020,0.01,0.01,0.01,0.01,2800
MALK,16-Sep-2020,0.01,0.01,0.01,0.01,7100
MALL,16-Sep-2020,8,8,8,8,305100
MALM,16-Sep-2020,0.01,0.01,0.01,0.01,3300
MALN,16-Sep-2020,5,5,5,5,189900
MALO,16-Sep-2020,0.01,0.01,0.01,0.01,10000
MALP,16-Sep-2020,0.01,0.01,0.01,0.01,49800
MALQ,16-Sep-2020,8,8,8,8,266300
MALR,16-Sep-2020,0.01,0.01,0.01,0.01,3100
MALS,16-Sep-2020,0.01,0.01,0.01,0.01,6200
MALT,16-Sep-2020,0.01,0.01,0.01,0.01,2600
MALU,16-Sep-2020,6,6,6,6,284100
MALV,16-Sep-2020,7,7,7,7,385000
MALW,16-Sep-2020,0.01,0.01,0.01,0.01,2600
MALX,16-Sep-2020,13,13,13,13,475100
MALY,16-Sep-2020,0.01,0.01,0.01,0.01,6100
MALZ,16-Sep-2020,7,7,7,7,276500
MMFD,16-Sep-2020,73.4,83.06,71.27,72,0
MMFI,16-Sep-2020,51.76,57.13,51.71,52.78,0
MMOF,16-Sep-2020,65.51,67.08,64.72,64.72,0
MMOH,16-Sep-2020,62.49,65.37,62.25,62.82,0
MMTH,16-Sep-2020,52.94,53.15,51.71,51.71,0
MMTW,16-Sep-2020,47.05,55.39,46.48,48.37,0
MNFD,16-Sep-2020,65.32,65.32,64.3,64.3,0
MNFI,16-Sep-2020,50.88,50.88,50.49,50.5,0
MNOF,16-Sep-2020,63.93,63.93,62.65,62.65,0
MNOH,16-Sep-2020,61.9,61.9,61.31,61.31,0
MNTH,16-Sep-2020,52.3,52.3,50.65,50.65,0
MNTW,16-Sep-2020,43.17,43.17,42.66,42.76,0
MOFD,16-Sep-2020,35.6,36.06,35.6,35.88,0
MOFI,16-Sep-2020,49.78,49.89,49.66,49.66,0
MOOF,16-Sep-2020,61.55,61.55,60.35,60.35,0
MOOH,16-Sep-2020,62.52,62.52,61.95,61.95,0
MOTH,16-Sep-2020,50.42,50.42,48.94,48.94,0
MOTW,16-Sep-2020,32.2,32.45,32.2,32.37,0
MPFD,16-Sep-2020,37.56,37.59,37.36,37.54,0
MPFI,16-Sep-2020,68.21,68.21,67.64,67.64,0
MPOF,16-Sep-2020,62.49,62.49,61.04,61.04,0
MPOH,16-Sep-2020,78.59,78.59,78.01,78.01,0
MPTH,16-Sep-2020,52.91,52.91,51.47,51.47,0
MPTW,16-Sep-2020,62.78,62.78,62.54,62.57,0
MTFD,16-Sep-2020,74.89,74.89,62.52,63,0
MTFI,16-Sep-2020,61.41,63.16,60.77,61.43,0
MTOF,16-Sep-2020,73.44,73.79,72.11,72.25,0
MTOH,16-Sep-2020,75.51,75.66,73.11,73.29,0
MTTH,16-Sep-2020,61.82,61.82,58.09,58.28,0
MTTW,16-Sep-2020,52.07,52.64,48.59,49.38,0
MUFD,16-Sep-2020,65.69,65.92,64.32,64.44,0
MUFI,16-Sep-2020,59.25,60.71,59.25,60.42,0
MUOF,16-Sep-2020,73.18,73.18,71.02,71.27,0
MUOH,16-Sep-2020,75.25,75.6,74.55,74.78,0
MUTH,16-Sep-2020,61.74,61.74,59.54,59.89,0
MUTW,16-Sep-2020,48.64,49.59,47.97,47.98,0
MVFD,16-Sep-2020,47.89,47.89,47.46,47.61,0
MVFI,16-Sep-2020,59.03,60.53,59.03,60.53,0
MVOF,16-Sep-2020,71.42,71.42,69.6,69.91,0
MVOH,16-Sep-2020,76.47,76.47,75.49,75.75,0
MVTH,16-Sep-2020,58.61,58.61,56.78,56.99,0
MVTW,16-Sep-2020,37.81,39.05,37.69,38.93,0
MWFD,16-Sep-2020,55.04,56.63,55.04,56.63,0
MWFI,16-Sep-2020,79.62,79.62,78.46,78.93,0
MWOF,16-Sep-2020,69.74,69.74,67.33,67.61,0
MWOH,16-Sep-2020,85.92,85.92,84.93,85.13,0
MWTH,16-Sep-2020,60.92,60.92,58.21,58.4,0
MWTW,16-Sep-2020,70.16,71.01,69.85,70.97,0
MYDA,16-Sep-2020,7,7,7,7,18900
MYDB,16-Sep-2020,4,4,4,4,2800
MYDC,16-Sep-2020,60,60,60,60,196000
MYDE,16-Sep-2020,27,27,27,27,185800
MYDF,16-Sep-2020,0.01,0.01,0.01,0.01,6000
MYDG,16-Sep-2020,41,41,41,41,98500
MYDH,16-Sep-2020,116,116,116,116,364000
MYDI,16-Sep-2020,11,11,11,11,7300
MYDJ,16-Sep-2020,0.01,0.01,0.01,0.01,2800
MYDK,16-Sep-2020,2,2,2,2,7100
MYDL,16-Sep-2020,20,20,20,20,305100
MYDM,16-Sep-2020,1,1,1,1,3300
MYDN,16-Sep-2020,58,58,58,58,189900
MYDO,16-Sep-2020,6,6,6,6,10000
MYDP,16-Sep-2020,25,25,25,25,49800
MYDQ,16-Sep-2020,71,71,71,71,266300
MYDR,16-Sep-2020,1,1,1,1,3100
MYDS,16-Sep-2020,3,3,3,3,6200
MYDT,16-Sep-2020,0.01,0.01,0.01,0.01,2600
MYDU,16-Sep-2020,2,2,2,2,284100
MYDV,16-Sep-2020,134,134,134,134,385000
MYDW,16-Sep-2020,1,1,1,1,2600
MYDX,16-Sep-2020,136,136,136,136,475100
MYDY,16-Sep-2020,2,2,2,2,6100
MYDZ,16-Sep-2020,95,95,95,95,276500
MYHA,16-Sep-2020,7,7,7,7,18900
MYHB,16-Sep-2020,4,4,4,4,2800
MYHC,16-Sep-2020,67,67,67,67,196000
MYHE,16-Sep-2020,35,35,35,35,185800
MYHF,16-Sep-2020,0.01,0.01,0.01,0.01,6000
MYHG,16-Sep-2020,41,41,41,41,98500
MYHH,16-Sep-2020,121,121,121,121,364000
MYHI,16-Sep-2020,11,11,11,11,7300
MYHJ,16-Sep-2020,0.01,0.01,0.01,0.01,2800
MYHK,16-Sep-2020,2,2,2,2,7100
MYHL,16-Sep-2020,28,28,28,28,305100
MYHM,16-Sep-2020,1,1,1,1,3300
MYHN,16-Sep-2020,63,63,63,63,189900
MYHO,16-Sep-2020,6,6,6,6,10000
MYHP,16-Sep-2020,25,25,25,25,49800
MYHQ,16-Sep-2020,79,79,79,79,266300
MYHR,16-Sep-2020,1,1,1,1,3100
MYHS,16-Sep-2020,3,3,3,3,6200
MYHT,16-Sep-2020,0.01,0.01,0.01,0.01,2600
MYHU,16-Sep-2020,8,8,8,8,284100
MYHV,16-Sep-2020,141,141,141,141,385000
MYHW,16-Sep-2020,1,1,1,1,2600
MYHX,16-Sep-2020,149,149,149,149,475100
MYHY,16-Sep-2020,2,2,2,2,6100
MYHZ,16-Sep-2020,102,102,102,102,276500
MYLA,16-Sep-2020,0.01,0.01,0.01,0.01,18900
MYLB,16-Sep-2020,0.01,0.01,0.01,0.01,2800
MYLC,16-Sep-2020,7,7,7,7,196000
MYLE,16-Sep-2020,8,8,8,8,185800
MYLF,16-Sep-2020,0.01,0.01,0.01,0.01,6000
MYLG,16-Sep-2020,0.01,0.01,0.01,0.01,98500
MYLH,16-Sep-2020,5,5,5,5,364000
MYLI,16-Sep-2020,0.01,0.01,0.01,0.01,7300
MYLJ,16-Sep-2020,0.01,0.01,0.01,0.01,2800
MYLK,16-Sep-2020,0.01,0.01,0.01,0.01,7100
MYLL,16-Sep-2020,8,8,8,8,305100
MYLM,16-Sep-2020,0.01,0.01,0.01,0.01,3300
MYLN,16-Sep-2020,5,5,5,5,189900
MYLO,16-Sep-2020,0.01,0.01,0.01,0.01,10000
MYLP,16-Sep-2020,0.01,0.01,0.01,0.01,49800
MYLQ,16-Sep-2020,8,8,8,8,266300
MYLR,16-Sep-2020,0.01,0.01,0.01,0.01,3100
MYLS,16-Sep-2020,0.01,0.01,0.01,0.01,6200
MYLT,16-Sep-2020,0.01,0.01,0.01,0.01,2600
MYLU,16-Sep-2020,6,6,6,6,284100
MYLV,16-Sep-2020,7,7,7,7,385000
MYLW,16-Sep-2020,0.01,0.01,0.01,0.01,2600
MYLX,16-Sep-2020,13,13,13,13,475100
MYLY,16-Sep-2020,0.01,0.01,0.01,0.01,6100
MYLZ,16-Sep-2020,7,7,7,7,276500
N1DA,16-Sep-2020,-9,-9,-9,-9,59800
N1DB,16-Sep-2020,2,2,2,2,39400
N1DC,16-Sep-2020,9,9,9,9,10300
N1DD,16-Sep-2020,1,1,1,1,3000
N1DE,16-Sep-2020,14,14,14,14,6500
N1DF,16-Sep-2020,11,11,11,11,2000
N1DG,16-Sep-2020,2,2,2,2,1500
N1DH,16-Sep-2020,26,26,26,26,21900
N1DI,16-Sep-2020,5,5,5,5,6000
N1DJ,16-Sep-2020,6,6,6,6,26800
N1DK,16-Sep-2020,37,37,37,37,62500
N1DL,16-Sep-2020,14,14,14,14,47100
N1DM,16-Sep-2020,-3,-3,-3,-3,16100
N1DN,16-Sep-2020,48,48,48,48,125700
N1DO,16-Sep-2020,34,34,34,34,100300
N1DP,16-Sep-2020,65,65,65,65,41400
N1DU,16-Sep-2020,110,110,110,110,194000
N1DV,16-Sep-2020,48,48,48,48,30400
N1HA,16-Sep-2020,72,72,72,72,59800
N1HB,16-Sep-2020,57,57,57,57,39400
N1HC,16-Sep-2020,15,15,15,15,10300
N1HD,16-Sep-2020,2,2,2,2,3000
N1HE,16-Sep-2020,16,16,16,16,6500
N1HF,16-Sep-2020,12,12,12,12,2000
N1HG,16-Sep-2020,2,2,2,2,1500
N1HH,16-Sep-2020,38,38,38,38,21900
N1HI,16-Sep-2020,7,7,7,7,6000
N1HJ,16-Sep-2020,37,37,37,37,26800
N1HK,16-Sep-2020,82,82,82,82,62500
N1HL,16-Sep-2020,70,70,70,70,47100
N1HM,16-Sep-2020,15,15,15,15,16100
N1HN,16-Sep-2020,167,167,167,167,125700
N1HO,16-Sep-2020,140,140,140,140,100300
N1HP,16-Sep-2020,74,74,74,74,41400
N1HU,16-Sep-2020,300,300,300,300,194000
N1HV,16-Sep-2020,65,65,65,65,30400
N1LA,16-Sep-2020,81,81,81,81,59800
N1LB,16-Sep-2020,55,55,55,55,39400
N1LC,16-Sep-2020,6,6,6,6,10300
N1LD,16-Sep-2020,1,1,1,1,3000
N1LE,16-Sep-2020,2,2,2,2,6500
N1LF,16-Sep-2020,1,1,1,1,2000
N1LG,16-Sep-2020,0.01,0.01,0.01,0.01,1500
N1LH,16-Sep-2020,12,12,12,12,21900
N1LI,16-Sep-2020,2,2,2,2,6000
N1LJ,16-Sep-2020,31,31,31,31,26800
N1LK,16-Sep-2020,45,45,45,45,62500
N1LL,16-Sep-2020,56,56,56,56,47100
N1LM,16-Sep-2020,18,18,18,18,16100
N1LN,16-Sep-2020,119,119,119,119,125700
N1LO,16-Sep-2020,106,106,106,106,100300
N1LP,16-Sep-2020,9,9,9,9,41400
N1LU,16-Sep-2020,190,190,190,190,194000
N1LV,16-Sep-2020,17,17,17,17,30400
N3DA,16-Sep-2020,21,21,21,21,59800
N3DB,16-Sep-2020,16,16,16,16,39400
N3DC,16-Sep-2020,7,7,7,7,10300
N3DD,16-Sep-2020,1,1,1,1,3000
N3DE,16-Sep-2020,11,11,11,11,6500
N3DF,16-Sep-2020,10,10,10,10,2000
N3DG,16-Sep-2020,0.01,0.01,0.01,0.01,1500
N3DH,16-Sep-2020,19,19,19,19,21900
N3DI,16-Sep-2020,5,5,5,5,6000
N3DJ,16-Sep-2020,16,16,16,16,26800
N3DK,16-Sep-2020,31,31,31,31,62500
N3DL,16-Sep-2020,35,35,35,35,47100
N3DM,16-Sep-2020,-1,-1,-1,-1,16100
N3DN,16-Sep-2020,65,65,65,65,125700
N3DO,16-Sep-2020,45,45,45,45,100300
N3DP,16-Sep-2020,37,37,37,37,41400
N3DU,16-Sep-2020,126,126,126,126,194000
N3DV,16-Sep-2020,41,41,41,41,30400
N3HA,16-Sep-2020,48,48,48,48,59800
N3HB,16-Sep-2020,36,36,36,36,39400
N3HC,16-Sep-2020,9,9,9,9,10300
N3HD,16-Sep-2020,2,2,2,2,3000
N3HE,16-Sep-2020,13,13,13,13,6500
N3HF,16-Sep-2020,11,11,11,11,2000
N3HG,16-Sep-2020,0.01,0.01,0.01,0.01,1500
N3HH,16-Sep-2020,21,21,21,21,21900
N3HI,16-Sep-2020,5,5,5,5,6000
N3HJ,16-Sep-2020,23,23,23,23,26800
N3HK,16-Sep-2020,51,51,51,51,62500
N3HL,16-Sep-2020,44,44,44,44,47100
N3HM,16-Sep-2020,9,9,9,9,16100
N3HN,16-Sep-2020,104,104,104,104,125700
N3HO,16-Sep-2020,83,83,83,83,100300
N3HP,16-Sep-2020,40,40,40,40,41400
N3HU,16-Sep-2020,195,195,195,195,194000
N3HV,16-Sep-2020,47,47,47,47,30400
N3LA,16-Sep-2020,27,27,27,27,59800
N3LB,16-Sep-2020,20,20,20,20,39400
N3LC,16-Sep-2020,2,2,2,2,10300
N3LD,16-Sep-2020,1,1,1,1,3000
N3LE,16-Sep-2020,2,2,2,2,6500
N3LF,16-Sep-2020,1,1,1,1,2000
N3LG,16-Sep-2020,0.01,0.01,0.01,0.01,1500
N3LH,16-Sep-2020,2,2,2,2,21900
N3LI,16-Sep-2020,0.01,0.01,0.01,0.01,6000
N3LJ,16-Sep-2020,7,7,7,7,26800
N3LK,16-Sep-2020,20,20,20,20,62500
N3LL,16-Sep-2020,9,9,9,9,47100
N3LM,16-Sep-2020,10,10,10,10,16100
N3LN,16-Sep-2020,39,39,39,39,125700
N3LO,16-Sep-2020,38,38,38,38,100300
N3LP,16-Sep-2020,3,3,3,3,41400
N3LU,16-Sep-2020,69,69,69,69,194000
N3LV,16-Sep-2020,6,6,6,6,30400
N5DA,16-Sep-2020,150,150,150,150,59800
N5DB,16-Sep-2020,101,101,101,101,39400
N5DC,16-Sep-2020,51,51,51,51,10300
N5DD,16-Sep-2020,9,9,9,9,3000
N5DE,16-Sep-2020,28,28,28,28,6500
N5DF,16-Sep-2020,14,14,14,14,2000
N5DG,16-Sep-2020,5,5,5,5,1500
N5DH,16-Sep-2020,62,62,62,62,21900
N5DI,16-Sep-2020,8,8,8,8,6000
N5DJ,16-Sep-2020,16,16,16,16,26800
N5DK,16-Sep-2020,114,114,114,114,62500
N5DL,16-Sep-2020,42,42,42,42,47100
N5DM,16-Sep-2020,-7,-7,-7,-7,16100
N5DN,16-Sep-2020,149,149,149,149,125700
N5DO,16-Sep-2020,292,292,292,292,100300
N5DP,16-Sep-2020,204,204,204,204,41400
N5DU,16-Sep-2020,213,213,213,213,194000
N5DV,16-Sep-2020,138,138,138,138,30400
N5HA,16-Sep-2020,256,256,256,256,59800
N5HB,16-Sep-2020,175,175,175,175,39400
N5HC,16-Sep-2020,61,61,61,61,10300
N5HD,16-Sep-2020,11,11,11,11,3000
N5HE,16-Sep-2020,33,33,33,33,6500
N5HF,16-Sep-2020,16,16,16,16,2000
N5HG,16-Sep-2020,6,6,6,6,1500
N5HH,16-Sep-2020,95,95,95,95,21900
N5HI,16-Sep-2020,22,22,22,22,6000
N5HJ,16-Sep-2020,83,83,83,83,26800
N5HK,16-Sep-2020,245,245,245,245,62500
N5HL,16-Sep-2020,159,159,159,159,47100
N5HM,16-Sep-2020,43,43,43,43,16100
N5HN,16-Sep-2020,447,447,447,447,125700
N5HO,16-Sep-2020,443,443,443,443,100300
N5HP,16-Sep-2020,234,234,234,234,41400
N5HU,16-Sep-2020,641,641,641,641,194000
N5HV,16-Sep-2020,163,163,163,163,30400
N5LA,16-Sep-2020,106,106,106,106,59800
N5LB,16-Sep-2020,74,74,74,74,39400
N5LC,16-Sep-2020,10,10,10,10,10300
N5LD,16-Sep-2020,2,2,2,2,3000
N5LE,16-Sep-2020,5,5,5,5,6500
N5LF,16-Sep-2020,2,2,2,2,2000
N5LG,16-Sep-2020,1,1,1,1,1500
N5LH,16-Sep-2020,33,33,33,33,21900
N5LI,16-Sep-2020,14,14,14,14,6000
N5LJ,16-Sep-2020,67,67,67,67,26800
N5LK,16-Sep-2020,131,131,131,131,62500
N5LL,16-Sep-2020,117,117,117,117,47100
N5LM,16-Sep-2020,50,50,50,50,16100
N5LN,16-Sep-2020,298,298,298,298,125700
N5LO,16-Sep-2020,151,151,151,151,100300
N5LP,16-Sep-2020,30,30,30,30,41400
N5LU,16-Sep-2020,428,428,428,428,194000
N5LV,16-Sep-2020,25,25,25,25,30400
N6DA,16-Sep-2020,31,31,31,31,59800
N6DB,16-Sep-2020,30,30,30,30,39400
N6DC,16-Sep-2020,6,6,6,6,10300
N6DD,16-Sep-2020,2,2,2,2,3000
N6DE,16-Sep-2020,9,9,9,9,6500
N6DF,16-Sep-2020,7,7,7,7,2000
N6DG,16-Sep-2020,0.01,0.01,0.01,0.01,1500
N6DH,16-Sep-2020,16,16,16,16,21900
N6DI,16-Sep-2020,5,5,5,5,6000
N6DJ,16-Sep-2020,22,22,22,22,26800
N6DK,16-Sep-2020,37,37,37,37,62500
N6DL,16-Sep-2020,42,42,42,42,47100
N6DM,16-Sep-2020,3,3,3,3,16100
N6DN,16-Sep-2020,82,82,82,82,125700
N6DO,16-Sep-2020,62,62,62,62,100300
N6DP,16-Sep-2020,34,34,34,34,41400
N6DU,16-Sep-2020,141,141,141,141,194000
N6DV,16-Sep-2020,35,35,35,35,30400
N6HA,16-Sep-2020,33,33,33,33,59800
N6HB,16-Sep-2020,30,30,30,30,39400
N6HC,16-Sep-2020,6,6,6,6,10300
N6HD,16-Sep-2020,2,2,2,2,3000
N6HE,16-Sep-2020,9,9,9,9,6500
N6HF,16-Sep-2020,7,7,7,7,2000
N6HG,16-Sep-2020,0.01,0.01,0.01,0.01,1500
N6HH,16-Sep-2020,16,16,16,16,21900
N6HI,16-Sep-2020,5,5,5,5,6000
N6HJ,16-Sep-2020,22,22,22,22,26800
N6HK,16-Sep-2020,41,41,41,41,62500
N6HL,16-Sep-2020,42,42,42,42,47100
N6HM,16-Sep-2020,7,7,7,7,16100
N6HN,16-Sep-2020,90,90,90,90,125700
N6HO,16-Sep-2020,66,66,66,66,100300
N6HP,16-Sep-2020,35,35,35,35,41400
N6HU,16-Sep-2020,161,161,161,161,194000
N6HV,16-Sep-2020,35,35,35,35,30400
N6LA,16-Sep-2020,2,2,2,2,59800
N6LB,16-Sep-2020,0.01,0.01,0.01,0.01,39400
N6LC,16-Sep-2020,0.01,0.01,0.01,0.01,10300
N6LD,16-Sep-2020,0.01,0.01,0.01,0.01,3000
N6LE,16-Sep-2020,0.01,0.01,0.01,0.01,6500
N6LF,16-Sep-2020,0.01,0.01,0.01,0.01,2000
N6LG,16-Sep-2020,0.01,0.01,0.01,0.01,1500
N6LH,16-Sep-2020,0.01,0.01,0.01,0.01,21900
N6LI,16-Sep-2020,0.01,0.01,0.01,0.01,6000
N6LJ,16-Sep-2020,0.01,0.01,0.01,0.01,26800
N6LK,16-Sep-2020,4,4,4,4,62500
N6LL,16-Sep-2020,0.01,0.01,0.01,0.01,47100
N6LM,16-Sep-2020,4,4,4,4,16100
N6LN,16-Sep-2020,8,8,8,8,125700
N6LO,16-Sep-2020,4,4,4,4,100300
N6LP,16-Sep-2020,1,1,1,1,41400
N6LU,16-Sep-2020,20,20,20,20,194000
N6LV,16-Sep-2020,0.01,0.01,0.01,0.01,30400
NADA,16-Sep-2020,11,11,11,11,59800
NADB,16-Sep-2020,12,12,12,12,39400
NADC,16-Sep-2020,4,4,4,4,10300
NADD,16-Sep-2020,1,1,1,1,3000
NADE,16-Sep-2020,8,8,8,8,6500
NADF,16-Sep-2020,7,7,7,7,2000
NADG,16-Sep-2020,0.01,0.01,0.01,0.01,1500
NADH,16-Sep-2020,5,5,5,5,21900
NADI,16-Sep-2020,1,1,1,1,6000
NADJ,16-Sep-2020,16,16,16,16,26800
NADK,16-Sep-2020,20,20,20,20,62500
NADL,16-Sep-2020,31,31,31,31,47100
NADM,16-Sep-2020,0.01,0.01,0.01,0.01,16100
NADN,16-Sep-2020,51,51,51,51,125700
NADO,16-Sep-2020,35,35,35,35,100300
NADP,16-Sep-2020,9,9,9,9,41400
NADU,16-Sep-2020,71,71,71,71,194000
NADV,16-Sep-2020,16,16,16,16,30400
NAHA,16-Sep-2020,13,13,13,13,59800
NAHB,16-Sep-2020,12,12,12,12,39400
NAHC,16-Sep-2020,4,4,4,4,10300
NAHD,16-Sep-2020,1,1,1,1,3000
NAHE,16-Sep-2020,8,8,8,8,6500
NAHF,16-Sep-2020,7,7,7,7,2000
NAHG,16-Sep-2020,0.01,0.01,0.01,0.01,1500
NAHH,16-Sep-2020,5,5,5,5,21900
NAHI,16-Sep-2020,1,1,1,1,6000
NAHJ,16-Sep-2020,16,16,16,16,26800
NAHK,16-Sep-2020,24,24,24,24,62500
NAHL,16-Sep-2020,31,31,31,31,47100
NAHM,16-Sep-2020,3,3,3,3,16100
NAHN,16-Sep-2020,58,58,58,58,125700
NAHO,16-Sep-2020,39,39,39,39,100300
NAHP,16-Sep-2020,10,10,10,10,41400
NAHU,16-Sep-2020,89,89,89,89,194000
NAHV,16-Sep-2020,16,16,16,16,30400
NALA,16-Sep-2020,2,2,2,2,59800
NALB,16-Sep-2020,0.01,0.01,0.01,0.01,39400
NALC,16-Sep-2020,0.01,0.01,0.01,0.01,10300
NALD,16-Sep-2020,0.01,0.01,0.01,0.01,3000
NALE,16-Sep-2020,0.01,0.01,0.01,0.01,6500
NALF,16-Sep-2020,0.01,0.01,0.01,0.01,2000
NALG,16-Sep-2020,0.01,0.01,0.01,0.01,1500
NALH,16-Sep-2020,0.01,0.01,0.01,0.01,21900
NALI,16-Sep-2020,0.01,0.01,0.01,0.01,6000
NALJ,16-Sep-2020,0.01,0.01,0.01,0.01,26800
NALK,16-Sep-2020,4,4,4,4,62500
NALL,16-Sep-2020,0.01,0.01,0.01,0.01,47100
NALM,16-Sep-2020,3,3,3,3,16100
NALN,16-Sep-2020,7,7,7,7,125700
NALO,16-Sep-2020,4,4,4,4,100300
NALP,16-Sep-2020,1,1,1,1,41400
NALU,16-Sep-2020,18,18,18,18,194000
NALV,16-Sep-2020,0.01,0.01,0.01,0.01,30400
NAST,16-Sep-2020,5317.4,5322.85,5247.12,5254.56,0
NBI,16-Sep-2020,4302.43,4333.02,4268.04,4277.25,0
NCFD,16-Sep-2020,74.3,84.68,72.2,72.2,0
NCFI,16-Sep-2020,45.75,52.37,45.75,46.98,0
NCOF,16-Sep-2020,58.3,61.16,58.3,58.45,0
NCOH,16-Sep-2020,63.73,66.69,63.73,63.89,0
NCTH,16-Sep-2020,54.74,56.62,54.74,55.09,0
NCTW,16-Sep-2020,41.69,49.9,41.69,41.83,0
NDFD,16-Sep-2020,93.2,95.14,67.96,67.96,0
NDFI,16-Sep-2020,56.31,56.31,49.51,49.51,0
NDOF,16-Sep-2020,73.78,77.66,73.78,74.75,0
NDOH,16-Sep-2020,89.32,89.32,86.4,86.4,0
NDTH,16-Sep-2020,83.49,86.4,83.49,83.49,0
NDTW,16-Sep-2020,51.45,51.45,34.95,34.95,0
NDXT,16-Sep-2020,6394.19,6409.27,6288.32,6291.72,0
NDXX,16-Sep-2020,4068.28,4083.59,4028.48,4033.04,0
NDY,16-Sep-2020,11467.9,11486.09,11242.96,11247.6,0
NQGM,16-Sep-2020,3151.92,3188.35,3146.63,3147.66,0
NQGS,16-Sep-2020,5308.22,5318.57,5222,5224.36,0
NSHD,16-Sep-2020,2,1155,2,1153,0
NSHF,16-Sep-2020,16,1689,16,701,0
NSHR,16-Sep-2020,9,9,1.6,1.6,0
NSHU,16-Sep-2020,18,2361,18,1854,0
NVLD,16-Sep-2020,0.09,1132.09,0.09,1132.09,0
NVLF,16-Sep-2020,2.41,1947.87,2.41,1402.76,0
NVLR,16-Sep-2020,27.15,111.87,1.43,2.23,0
NVLU,16-Sep-2020,2.51,2534.85,2.51,2534.85,0
NXTQ,16-Sep-2020,660.13,662.87,652.94,653.36,0
NYA,16-Sep-2020,13013.46,13128.68,12990.7,12997.86,0
NYDA,16-Sep-2020,14,14,14,14,59800
NYDB,16-Sep-2020,13,13,13,13,39400
NYDC,16-Sep-2020,4,4,4,4,10300
NYDD,16-Sep-2020,1,1,1,1,3000
NYDE,16-Sep-2020,8,8,8,8,6500
NYDF,16-Sep-2020,7,7,7,7,2000
NYDG,16-Sep-2020,0.01,0.01,0.01,0.01,1500
NYDH,16-Sep-2020,6,6,6,6,21900
NYDI,16-Sep-2020,1,1,1,1,6000
NYDJ,16-Sep-2020,17,17,17,17,26800
NYDK,16-Sep-2020,22,22,22,22,62500
NYDL,16-Sep-2020,34,34,34,34,47100
NYDM,16-Sep-2020,1,1,1,1,16100
NYDN,16-Sep-2020,57,57,57,57,125700
NYDO,16-Sep-2020,38,38,38,38,100300
NYDP,16-Sep-2020,13,13,13,13,41400
NYDU,16-Sep-2020,87,87,87,87,194000
NYDV,16-Sep-2020,18,18,18,18,30400
NYHA,16-Sep-2020,16,16,16,16,59800
NYHB,16-Sep-2020,13,13,13,13,39400
NYHC,16-Sep-2020,4,4,4,4,10300
NYHD,16-Sep-2020,1,1,1,1,3000
NYHE,16-Sep-2020,8,8,8,8,6500
NYHF,16-Sep-2020,7,7,7,7,2000
NYHG,16-Sep-2020,0.01,0.01,0.01,0.01,1500
NYHH,16-Sep-2020,6,6,6,6,21900
NYHI,16-Sep-2020,1,1,1,1,6000
NYHJ,16-Sep-2020,17,17,17,17,26800
NYHK,16-Sep-2020,26,26,26,26,62500
NYHL,16-Sep-2020,34,34,34,34,47100
NYHM,16-Sep-2020,4,4,4,4,16100
NYHN,16-Sep-2020,64,64,64,64,125700
NYHO,16-Sep-2020,42,42,42,42,100300
NYHP,16-Sep-2020,14,14,14,14,41400
NYHU,16-Sep-2020,106,106,106,106,194000
NYHV,16-Sep-2020,18,18,18,18,30400
NYLA,16-Sep-2020,2,2,2,2,59800
NYLB,16-Sep-2020,0.01,0.01,0.01,0.01,39400
NYLC,16-Sep-2020,0.01,0.01,0.01,0.01,10300
NYLD,16-Sep-2020,0.01,0.01,0.01,0.01,3000
NYLE,16-Sep-2020,0.01,0.01,0.01,0.01,6500
NYLF,16-Sep-2020,0.01,0.01,0.01,0.01,2000
NYLG,16-Sep-2020,0.01,0.01,0.01,0.01,1500
NYLH,16-Sep-2020,0.01,0.01,0.01,0.01,21900
NYLI,16-Sep-2020,0.01,0.01,0.01,0.01,6000
NYLJ,16-Sep-2020,0.01,0.01,0.01,0.01,26800
NYLK,16-Sep-2020,4,4,4,4,62500
NYLL,16-Sep-2020,0.01,0.01,0.01,0.01,47100
NYLM,16-Sep-2020,3,3,3,3,16100
NYLN,16-Sep-2020,7,7,7,7,125700
NYLO,16-Sep-2020,4,4,4,4,100300
NYLP,16-Sep-2020,1,1,1,1,41400
NYLU,16-Sep-2020,19,19,19,19,194000
NYLV,16-Sep-2020,0.01,0.01,0.01,0.01,30400
OEX,16-Sep-2020,1580.62,1585.34,1563.4,1563.88,1423050000
OFIN,16-Sep-2020,9642.62,9767.11,9636.64,9672.07,0
OILBR,16-Sep-2020,45.09,45.09,42.26,42.26,0
OILSW,16-Sep-2020,38.35,40.17,38.35,40.17,956327
ONE,16-Sep-2020,1580.62,1585.34,1563.4,1563.88,0
OSX,16-Sep-2020,33.71,35.4,33.47,34.7,0
OVX,16-Sep-2020,45.19,45.19,40.8,41.13,0
PLD,16-Sep-2020,2400,2403.6,2400,2403.6,0
PLT,16-Sep-2020,978.3,989.5,969,973.5,15722
QSHD,16-Sep-2020,3,1363,3,1363,0
QSHF,16-Sep-2020,3,1715,3,685,0
QSHR,16-Sep-2020,2,3.49,1.5,1.5,0
QSHU,16-Sep-2020,6,2564,6,2048,0
QVLD,16-Sep-2020,0.77,1197.26,0.77,1197.26,0
QVLF,16-Sep-2020,-0.63,1163.23,-4.77,684.99,0
QVLR,16-Sep-2020,0.17,3.24,0.17,1.57,0
QVLU,16-Sep-2020,0.13,1882.25,0.13,1882.25,0
R1FD,16-Sep-2020,79.3,88.3,76.9,76.9,0
R1FI,16-Sep-2020,58.5,64.8,58.5,59.2,0
R1OF,16-Sep-2020,68.8,73.19,68.5,70.3,0
R1OH,16-Sep-2020,73.19,76.9,73.19,74.4,0
R1TH,16-Sep-2020,60.4,62.9,60.4,61.2,0
R1TW,16-Sep-2020,51.59,60.29,51.2,51.59,0
R2FD,16-Sep-2020,69.08,83.23,67.37,71.39,0
R2FI,16-Sep-2020,47.43,54.88,47.43,50.3,0
R2OF,16-Sep-2020,56.19,59.66,55.94,57.04,0
R2OH,16-Sep-2020,58.4,61.48,58.4,58.91,0
R2TH,16-Sep-2020,46.32,48.43,46.32,47.07,0
R2TW,16-Sep-2020,41.74,52.66,41.74,45.66,0
R3FD,16-Sep-2020,72.76,85.68,71.16,73.87,0
R3FI,16-Sep-2020,51.64,58.81,51.64,53.78,0
R3OF,16-Sep-2020,61.45,65.45,61.13,62.66,0
R3OH,16-Sep-2020,64.02,67.52,64.02,64.91,0
R3TH,16-Sep-2020,51.24,53.53,51.24,51.96,0
R3TW,16-Sep-2020,44.75,55.13,44.68,47.57,0
RTCM,16-Sep-2020,196.94,199.61,196.67,197.31,14444100
RTRE,16-Sep-2020,148.95,151.06,148.48,149.67,11733400
S1FD,16-Sep-2020,84.15,93.06,76.23,76.23,0
S1FI,16-Sep-2020,63.36,67.32,62.37,63.36,0
S1OF,16-Sep-2020,69.3,79.2,69.3,77.22,0
S1OH,16-Sep-2020,73.26,79.2,73.26,77.22,0
S1TH,16-Sep-2020,66.33,66.33,65.34,66.33,0
S1TR,16-Sep-2020,198.98,201.96,197.56,197.66,0
S1TW,16-Sep-2020,53.46,62.37,47.52,47.52,0
S2TR,16-Sep-2020,508.54,522.67,506.19,515.81,0
S3TR,16-Sep-2020,1137.46,1164.54,1136.56,1153.7,0
S4FD,16-Sep-2020,68.92,84.71,66.66,70.42,0
S4FI,16-Sep-2020,49.62,57.14,48.62,49.87,0
S4OF,16-Sep-2020,62.9,66.91,61.9,63.9,0
S4OH,16-Sep-2020,63.65,68.17,63.65,64.91,0
S4TH,16-Sep-2020,48.62,51.37,48.62,49.12,0
S4TR,16-Sep-2020,608.21,613.96,606.33,606.54,0
S4TW,16-Sep-2020,41.85,51.12,40.85,41.6,0
S5FD,16-Sep-2020,84.75,91.48,80.19,80.19,0
S5FI,16-Sep-2020,63.36,69.3,63.36,64.55,0
S5OF,16-Sep-2020,71.68,76.83,71.48,74.65,0
S5OH,16-Sep-2020,76.83,80,76.83,78.41,0
S5TH,16-Sep-2020,63.36,65.34,63.16,63.96,0
S5TR,16-Sep-2020,609.65,622.63,609.65,616.44,0
S5TW,16-Sep-2020,56.23,66.53,55.24,56.03,0
S6CD,16-Sep-2020,606.33,612.1,601.29,603.64,0
S6CS,16-Sep-2020,1883.77,1906.82,1879.86,1881.89,0
S6EP,16-Sep-2020,115.76,123.57,115.76,121.25,0
S6FD,16-Sep-2020,66.22,84.19,63.72,70.71,0
S6FI,16-Sep-2020,46.25,53.41,46.25,48.58,0
S6FP,16-Sep-2020,736.63,750.03,735.47,740.21,0
S6HC,16-Sep-2020,3128.31,3174.01,3127.79,3139.14,0
S6IP,16-Sep-2020,1060.27,1084.62,1060.27,1071.54,0
S6MP,16-Sep-2020,422.25,426.78,420.07,420.39,0
S6OF,16-Sep-2020,58.23,62.56,58.23,59.4,0
S6OH,16-Sep-2020,60.23,64.22,59.4,60.89,0
S6TH,16-Sep-2020,45.42,47.58,45.42,46.25,0
S6TP,16-Sep-2020,752.72,767.81,752.72,758.06,0
S6TR,16-Sep-2020,1764.6,1794.35,1760.23,1776.27,0
S6TW,16-Sep-2020,33.77,46.92,33.77,39.93,0
S6UP,16-Sep-2020,586.6,596.1,585.77,589.25,0
S7TR,16-Sep-2020,1077.71,1097.3,1077.71,1087.87,0
S8TR,16-Sep-2020,469.77,494.92,469.77,488.78,0
S9TR,16-Sep-2020,775.98,784.07,775.37,775.99,0
SAAB,16-Sep-2020,1645.72,1648.81,1644.14,1648.34,0
SACC,16-Sep-2020,3531.03,3560.3,3531.03,3547.09,0
SACN,16-Sep-2020,358.81,361.34,358.41,359.53,0
SAER,16-Sep-2020,60.23,61.02,59.96,60.89,0
SAIE,16-Sep-2020,181.19,182.43,181.09,181.84,0
SAIU,16-Sep-2020,164.98,166,164.72,165.37,0
SAJR,16-Sep-2020,156.16,157.27,155.82,156.53,0
SAJT,16-Sep-2020,111.45,112.27,111.23,111.74,0
SAPE,16-Sep-2020,3592.55,3608.23,3583.59,3607.88,0
SAPT,16-Sep-2020,109.97,110.61,109.84,110.45,0
SAPU,16-Sep-2020,2946.79,2967.03,2942.4,2963.84,0
SAQA,16-Sep-2020,4593.29,4630.19,4592,4604.15,0
SAQE,16-Sep-2020,3433.34,3467,3427.21,3445.96,0
SAUE,16-Sep-2020,138.61,140.42,138,140.13,0
SBAI,16-Sep-2020,83.1,83.98,82.96,83.09,0
SBER,16-Sep-2020,41.03,41.74,40.81,41.72,0
SBES,16-Sep-2020,1460.92,1469.12,1458.07,1463.58,0
SBFD,16-Sep-2020,85.71,100,85.71,89.28,0
SBFI,16-Sep-2020,96.42,100,92.85,96.42,0
SBIX,16-Sep-2020,249.01,255.74,247.68,252.39,249026900
SBNP,16-Sep-2020,2954.54,2985.33,2927.43,2927.43,0
SBOF,16-Sep-2020,96.42,96.42,96.42,96.42,0
SBOH,16-Sep-2020,100,100,100,100,0
SBSE,16-Sep-2020,2548.57,2560.08,2541.08,2544.02,0
SBSU,16-Sep-2020,2266.26,2274.07,2258.63,2260.59,0
SBTH,16-Sep-2020,89.28,92.85,89.28,92.85,0
SBTR,16-Sep-2020,45.46,46.24,45.21,46.22,0
SBTW,16-Sep-2020,89.28,96.42,85.71,89.28,0
SBUP,16-Sep-2020,5713.6,5777.84,5699.72,5706.22,0
SCBR,16-Sep-2020,48.1,48.43,47.92,48.14,0
SCII,16-Sep-2020,56.54,56.88,56.25,56.25,0
SCIR,16-Sep-2020,228.9,229.54,227.52,228.75,0
SCIS,16-Sep-2020,225.8,226.42,224.43,225.65,0
SCIT,16-Sep-2020,412.74,415.11,411.46,413.69,0
SCPC,16-Sep-2020,2531.63,2545.45,2531.63,2536.05,0
SCRC,16-Sep-2020,4487.46,4522.57,4487.46,4506.65,0
SCRE,16-Sep-2020,4875.18,4904.8,4869.96,4888.04,0
SCSC,16-Sep-2020,4066.9,4066.9,4022.03,4038.26,0
SCSE,16-Sep-2020,4021.45,4021.45,3971.7,3986.44,0
SCUT,16-Sep-2020,1548.89,1558.12,1537.64,1552.08,0
SCWI,16-Sep-2020,170.29,170.33,166.17,166.61,0
SCWP,16-Sep-2020,282.71,286,282.42,285.82,0
SDEW,16-Sep-2020,1445.17,1472.43,1445.17,1453.67,0
SDIP,16-Sep-2020,113.59,114.99,113.31,114.96,0
SDIS,16-Sep-2020,118.64,120.09,118.34,120.06,0
SDIT,16-Sep-2020,141.14,142.87,140.79,142.83,0
SDPI,16-Sep-2020,1664.88,1674.14,1662.48,1664.89,0
SDTI,16-Sep-2020,2075.63,2087.07,2072.54,2075.54,0
SDTR,16-Sep-2020,1468.95,1477.38,1456.65,1457.43,0
SDTS,16-Sep-2020,1049.24,1056.99,1027.41,1027.41,0
SDTT,16-Sep-2020,1253.22,1297.43,1253.22,1261.17,0
SEAN,16-Sep-2020,689.25,690.52,684.77,686.38,0
SEBI,16-Sep-2020,2044.54,2048.42,2040.42,2043.14,0
SECA,16-Sep-2020,204.12,207,203.88,206.75,0
SECB,16-Sep-2020,168.98,171.36,168.79,171.16,0
SECC,16-Sep-2020,305.52,309.88,305.22,309.51,0
SEFD,16-Sep-2020,88.46,100,80.76,100,0
SEFI,16-Sep-2020,7.69,23.07,7.69,19.23,0
SEIB,16-Sep-2020,2347.39,2356.56,2340.14,2347.83,0
SEIE,16-Sep-2020,277.36,281.02,277.26,278.72,0
SEIT,16-Sep-2020,147.13,149.26,146.9,147.69,0
SEIU,16-Sep-2020,279.1,282.66,278.99,280.01,0
SEMT,16-Sep-2020,1571.83,1579.33,1571.2,1575.28,0
SEOF,16-Sep-2020,11.53,19.23,7.69,19.23,0
SEOH,16-Sep-2020,15.38,23.07,15.38,19.23,0
SETH,16-Sep-2020,7.69,11.53,7.69,7.69,0
SETW,16-Sep-2020,7.69,30.76,7.69,26.92,0
SFFD,16-Sep-2020,63.63,96.96,57.57,83.33,0
SFFI,16-Sep-2020,53.03,66.66,53.03,63.63,0
SFOF,16-Sep-2020,65.15,81.81,63.63,74.24,0
SFOH,16-Sep-2020,69.69,80.3,69.69,78.78,0
SFTH,16-Sep-2020,34.84,39.39,33.33,37.87,0
SFTR,16-Sep-2020,1781.49,1793.19,1774.49,1774.65,0
SFTW,16-Sep-2020,33.33,66.66,33.33,50,0
SG0A,16-Sep-2020,262.55,264.52,261.4,264.33,0
SG0B,16-Sep-2020,55.42,55.84,55.18,55.8,0
SG0C,16-Sep-2020,606.38,610.92,603.72,610.47,0
SG0D,16-Sep-2020,29.56,29.91,29.37,29.88,0
SG0E,16-Sep-2020,323.41,327.29,321.39,326.99,0
SG0F,16-Sep-2020,387.31,389.65,386.13,387.86,0
SG0G,16-Sep-2020,309.13,311,308.19,309.57,0
SG0H,16-Sep-2020,3382.42,3403.01,3372.12,3387.22,0
SG0I,16-Sep-2020,221.39,232.04,221.39,231.32,0
SG1A,16-Sep-2020,330.84,346.8,330.84,345.67,0
SG1B,16-Sep-2020,343.3,346.83,340.45,346.49,0
SG1C,16-Sep-2020,7.5,7.58,7.44,7.57,0
SG1D,16-Sep-2020,82.18,83.05,81.49,82.94,0
SG1E,16-Sep-2020,113.09,114.04,113.09,113.46,0
SG1F,16-Sep-2020,22.33,22.51,22.33,22.4,0
SG1G,16-Sep-2020,47.69,48.09,47.69,47.84,0
SG1H,16-Sep-2020,167.31,171.77,166.43,171.04,0
SG1I,16-Sep-2020,65.98,67.74,65.63,67.45,0
SG1J,16-Sep-2020,116.18,121.77,116.18,121.39,0
SG2A,16-Sep-2020,350.21,365.1,350.21,364.17,0
SG2B,16-Sep-2020,217.93,227.2,217.93,226.61,0
SG2C,16-Sep-2020,320.59,334.22,320.59,333.36,0
SG2D,16-Sep-2020,105.81,105.81,102.08,102.19,0
SG2E,16-Sep-2020,9.43,9.43,9.09,9.1,0
SG2F,16-Sep-2020,34.03,34.03,32.83,32.86,0
SG2G,16-Sep-2020,93.8,95.61,91.41,92.29,0
SG2H,16-Sep-2020,7.25,7.39,7.07,7.14,0
SG2I,16-Sep-2020,36.9,37.61,35.96,36.31,0
SG2J,16-Sep-2020,80.84,82.99,80.41,82.63,0
SG3A,16-Sep-2020,577.89,580.62,575.62,579.36,0
SG3B,16-Sep-2020,4172.22,4191.96,4155.88,4182.86,0
SG3C,16-Sep-2020,302.16,307.12,298.65,306.91,0
SG3D,16-Sep-2020,5.21,5.29,5.15,5.29,0
SG3E,16-Sep-2020,57.05,57.99,56.39,57.95,0
SG3F,16-Sep-2020,94.53,95.16,94.05,94.43,0
SG3G,16-Sep-2020,37.27,37.52,37.08,37.23,0
SG3H,16-Sep-2020,269.05,270.84,267.68,268.77,0
SG3I,16-Sep-2020,211.27,222.24,211.27,221.47,0
SG3J,16-Sep-2020,479.47,481.74,477.59,480.69,0
SG4A,16-Sep-2020,165.88,174.53,165.88,173.88,0
SG4B,16-Sep-2020,240.76,247.21,240.69,246.81,0
SG4C,16-Sep-2020,55.51,57,55.5,56.91,0
SG4D,16-Sep-2020,100.53,103.26,100.53,103.09,0
SG4E,16-Sep-2020,56.44,58.56,56.44,58.42,0
SG4F,16-Sep-2020,222.31,230.67,222.3,230.12,0
SG4G,16-Sep-2020,170.26,170.46,169.01,169.55,0
SG4H,16-Sep-2020,97.71,97.83,97,97.3,0
SG4I,16-Sep-2020,124.78,124.84,123.78,124.17,0
SG4J,16-Sep-2020,58.25,61.27,58.25,61.06,0
SG5A,16-Sep-2020,172.17,176.77,172.17,175.2,0
SG5B,16-Sep-2020,253.28,260.05,253.28,257.73,0
SG5C,16-Sep-2020,1144.73,1154.63,1139.55,1147.24,0
SG5D,16-Sep-2020,146.77,148.04,146.1,147.09,0
SG5E,16-Sep-2020,1002.4,1012.92,999.7,1006.44,0
SG5F,16-Sep-2020,341.16,346.44,338.38,346.15,0
SG5G,16-Sep-2020,18.59,18.88,18.44,18.86,0
SG5H,16-Sep-2020,203.48,206.64,201.82,206.46,0
SG5I,16-Sep-2020,135.52,138.23,135.32,137.68,0
SG5J,16-Sep-2020,303.71,311.83,303.71,309.04,0
SG6A,16-Sep-2020,411.9,420.02,411.31,418.47,0
SG6B,16-Sep-2020,173.83,175,173.62,174.36,0
SG6C,16-Sep-2020,1255.14,1263.57,1253.62,1259.01,0
SG6D,16-Sep-2020,143.66,146.04,142.82,145.81,0
SG6E,16-Sep-2020,12.14,12.33,12.07,12.32,0
SG6F,16-Sep-2020,17.86,18.15,17.76,18.13,0
SG6G,16-Sep-2020,285.18,287.13,281.96,283.01,0
SG6H,16-Sep-2020,167.84,168.99,165.94,166.56,0
SG6I,16-Sep-2020,304.04,306.12,300.61,301.72,0
SG6J,16-Sep-2020,104.58,106.67,104.43,106.25,0
SG7A,16-Sep-2020,8.55,8.6,8.26,8.36,0
SG7B,16-Sep-2020,64.98,65.34,62.8,63.55,0
SG7C,16-Sep-2020,354.75,358.69,354.05,358.61,0
SG7D,16-Sep-2020,154.43,156.19,154.17,156.16,0
SG7E,16-Sep-2020,1689.09,1708.34,1686.27,1707.95,0
SG7F,16-Sep-2020,380.8,383.78,380.2,382.08,0
SG7G,16-Sep-2020,287.82,290.14,287.43,288.85,0
SG7H,16-Sep-2020,3149.2,3174.61,3144.97,3160.49,0
SG7I,16-Sep-2020,126.11,126.49,124.81,125.49,0
SG7J,16-Sep-2020,92.46,93.48,89.82,90.88,0
SG8A,16-Sep-2020,128.33,129.92,124.4,124.73,0
SG8B,16-Sep-2020,5.03,5.09,4.88,4.89,0
SG8C,16-Sep-2020,9.53,9.65,9.24,9.27,0
SG8D,16-Sep-2020,243.84,245.56,241.87,244.27,0
SG8E,16-Sep-2020,194.51,195.88,192.93,194.85,0
SG8F,16-Sep-2020,379.6,382.27,376.52,380.26,0
SG8G,16-Sep-2020,148.96,149.79,148.56,149.76,0
SG8H,16-Sep-2020,348.13,349.94,347.05,349.87,0
SG8I,16-Sep-2020,1629.37,1638.37,1625.02,1638.09,0
SG8J,16-Sep-2020,1379.47,1383.62,1365.25,1372.68,0
SG9A,16-Sep-2020,37.11,37.99,37.1,37.94,0
SG9B,16-Sep-2020,63.56,65.06,63.54,64.98,0
SG9C,16-Sep-2020,348.18,356.15,347.98,355.76,0
SG9D,16-Sep-2020,244.54,250.2,244.44,249.91,0
SG9E,16-Sep-2020,2652.41,2713.74,2651.31,2710.65,0
SG9F,16-Sep-2020,139.48,142.63,139.45,142.48,0
SG9G,16-Sep-2020,48.77,49.87,48.75,49.81,0
SG9H,16-Sep-2020,425.93,435.57,425.81,435.07,0
SG9I,16-Sep-2020,140.07,146.47,140.07,146.06,0
SG9J,16-Sep-2020,166.58,170.47,166.48,170.25,0
SGAA,16-Sep-2020,1453.58,1466.68,1451.15,1460.38,0
SGAB,16-Sep-2020,1463.7,1482.33,1462.33,1473.09,0
SGAC,16-Sep-2020,4379.73,4426.91,4377.73,4392.25,0
SGAD,16-Sep-2020,4412.24,4468.45,4409.69,4430.49,0
SGCC,16-Sep-2020,199.66,203.82,199.55,203.62,0
SGCR,16-Sep-2020,149.8,150.81,149.54,150.22,0
SGDO,16-Sep-2020,141.02,141.88,140.88,141.25,0
SGIA,16-Sep-2020,132.5,137.07,132.5,135.44,0
SGIB,16-Sep-2020,1258.61,1266.4,1239.49,1239.95,0
SGID,16-Sep-2020,1279.86,1289.51,1259.45,1260.11,0
SGIF,16-Sep-2020,201.92,204.58,201.92,202.58,0
SGIR,16-Sep-2020,137.19,138.05,136.92,137.55,0
SGJ,16-Sep-2020,132.47,137.44,132.46,137.12,0
SGK,16-Sep-2020,293.34,296.86,291.52,296.59,0
SGLN,16-Sep-2020,297.6,300.52,297.13,298.07,0
SGMA,16-Sep-2020,221.16,222.55,220.73,221.75,0
SGME,16-Sep-2020,1475.64,1486.19,1475.26,1485.81,0
SGMU,16-Sep-2020,1188.69,1196.03,1186.35,1194.67,0
SGON,16-Sep-2020,418.22,420.78,417.82,418.93,0
SGP,16-Sep-2020,2595.43,2617.39,2582.39,2600.61,0
SGPA,16-Sep-2020,251.36,253.04,250.92,252.06,0
SGPG,16-Sep-2020,139.02,140.44,138.28,140.31,0
SGPP,16-Sep-2020,44.43,45.37,44.42,45.32,0
SGPR,16-Sep-2020,41.97,42.4,41.75,42.36,0
SGPT,16-Sep-2020,80.55,82.25,80.52,82.16,0
SGQA,16-Sep-2020,475.6,497.38,475.6,495.91,0
SGQB,16-Sep-2020,140.33,146.4,140.33,146.02,0
SGQC,16-Sep-2020,130.23,135.87,130.23,135.51,0
SGQD,16-Sep-2020,512.88,535.11,512.88,533.67,0
SGQE,16-Sep-2020,243.15,245.73,242.46,244.16,0
SGQF,16-Sep-2020,2285.31,2309.56,2278.77,2294.79,0
SGQG,16-Sep-2020,353.19,358.63,352.71,358.43,0
SGQH,16-Sep-2020,156.01,158.46,155.84,158.36,0
SGQI,16-Sep-2020,1706.35,1733.11,1704.49,1732.09,0
SGQJ,16-Sep-2020,120.76,126.29,120.76,125.92,0
SGRC,16-Sep-2020,131.5,132.27,131.35,132.08,0
SGRE,16-Sep-2020,98.38,98.96,98.27,98.81,0
SGRG,16-Sep-2020,23.2,23.44,23.08,23.42,0
SGRM,16-Sep-2020,146.54,148.53,146.48,147.59,0
SGRT,16-Sep-2020,67.32,68.21,67.02,68.06,0
SGSA,16-Sep-2020,1341.01,1351.07,1328.61,1341.6,0
SGSB,16-Sep-2020,94.18,95.33,93.75,94.67,0
SGSC,16-Sep-2020,885.52,896.37,881.47,890.09,0
SGSD,16-Sep-2020,393.64,402.48,391.06,401.48,0
SGSE,16-Sep-2020,155.6,158.85,155.52,158.69,0
SGSF,16-Sep-2020,332.74,340.2,330.56,339.37,0
SGSG,16-Sep-2020,3642.05,3723.78,3618.17,3714.59,0
SGSH,16-Sep-2020,133.78,136.94,133.57,136,0
SGSJ,16-Sep-2020,8.02,8.18,7.98,8.13,0
SGSK,16-Sep-2020,75.45,76.99,75.1,76.46,0
SGSM,16-Sep-2020,152.42,153.75,152.11,153.73,0
SGSN,16-Sep-2020,1667.19,1681.71,1663.74,1681.48,0
SGSO,16-Sep-2020,237.86,248.58,236.28,248.37,0
SGSP,16-Sep-2020,601.32,628.43,597.34,627.9,0
SGSQ,16-Sep-2020,1613.24,1685.99,1602.58,1684.55,0
SGSR,16-Sep-2020,365.22,368.27,361.83,367.76,0
SGSS,16-Sep-2020,6.7,6.76,6.64,6.75,0
SGST,16-Sep-2020,73.41,74.06,72.73,73.92,0
SGSU,16-Sep-2020,196.15,199.46,196.11,198.6,0
SGSV,16-Sep-2020,61.31,62.35,61.3,62.08,0
SGSW,16-Sep-2020,130.95,133.16,130.92,132.59,0
SGSX,16-Sep-2020,352.18,355.13,351.32,355.08,0
SGT,16-Sep-2020,1701.6,1737.49,1700.94,1735.68,0
SGTR,16-Sep-2020,270.68,272.74,270.45,271.67,0
SGV,16-Sep-2020,257.67,258.81,255.4,256.76,0
SGWT,16-Sep-2020,134.53,136.56,134.43,136.5,0
SGX,16-Sep-2020,341.03,348.22,340.84,347.85,0
SGY,16-Sep-2020,340.89,343.18,340.48,341.95,0
SHTR,16-Sep-2020,1733.99,1750.29,1731.22,1733.25,0
SIDO,16-Sep-2020,1947.45,1955.48,1943.44,1947.99,0
SIFD,16-Sep-2020,87.67,93.15,84.93,87.67,0
SIFI,16-Sep-2020,83.56,89.04,80.82,84.93,0
SIIP,16-Sep-2020,100.16,100.3,100.07,100.1,0
SIIS,16-Sep-2020,105.48,105.63,105.38,105.42,0
SIIT,16-Sep-2020,124.45,124.63,124.33,124.37,0
SIOF,16-Sep-2020,87.67,95.89,86.3,94.52,0
SIOH,16-Sep-2020,86.3,95.89,86.3,93.15,0
SIPR,16-Sep-2020,1218.62,1224.46,1218.16,1221.32,0
SIRP,16-Sep-2020,117.99,119.48,117.9,119.18,0
SITH,16-Sep-2020,78.08,79.45,78.08,79.45,0
SITR,16-Sep-2020,570.2,582.04,570.2,575.3,0
SITW,16-Sep-2020,76.71,87.67,67.12,76.71,0
SIUT,16-Sep-2020,9.65,9.74,9.49,9.73,0
SJPA,16-Sep-2020,1505.14,1512.04,1503.27,1508.82,0
SJPB,16-Sep-2020,1690.5,1700.12,1689.89,1695.03,0
SJPC,16-Sep-2020,2827.5,2840.58,2823.66,2830.48,0
SJPD,16-Sep-2020,1363.3,1369.38,1361.24,1366.85,0
SJRI,16-Sep-2020,2590.93,2598.88,2581.85,2586.52,0
SJTR,16-Sep-2020,2126.21,2141.53,2100.91,2100.91,0
SKFD,16-Sep-2020,98.59,98.59,78.87,78.87,0
SKFI,16-Sep-2020,54.92,59.15,52.11,52.11,0
SKOF,16-Sep-2020,64.78,69.01,64.78,66.19,0
SKOH,16-Sep-2020,78.87,80.28,77.46,77.46,0
SKTH,16-Sep-2020,70.42,70.42,67.6,67.6,0
SKTR,16-Sep-2020,734.42,743.32,733.23,734.93,0
SKTW,16-Sep-2020,47.88,54.92,38.02,38.02,0
SLAC,16-Sep-2020,3998.8,4061.84,3998.8,4031.72,0
SLCN,16-Sep-2020,305.61,307.87,303.94,304.03,0
SLCT,16-Sep-2020,426.32,429.48,424.07,424.12,0
SLCU,16-Sep-2020,385.81,388.66,383.7,383.81,0
SLEE,16-Sep-2020,103.31,104.95,103.21,104.6,0
SLER,16-Sep-2020,45.76,46.51,45.73,46.35,0
SLEW,16-Sep-2020,1013,1037.11,1013,1023.47,0
SLFD,16-Sep-2020,100,100,76.92,76.92,0
SLFI,16-Sep-2020,84.61,84.61,65.38,65.38,0
SLOF,16-Sep-2020,88.46,92.3,88.46,88.46,0
SLOH,16-Sep-2020,92.3,92.3,92.3,92.3,0
SLPE,16-Sep-2020,1042.25,1054.74,1042.24,1050.36,0
SLPX,16-Sep-2020,124.34,129.13,124.23,126.99,0
SLRT,16-Sep-2020,51.15,51.99,51.12,51.81,0
SLTH,16-Sep-2020,69.23,80.76,69.23,73.07,0
SLTW,16-Sep-2020,65.38,69.23,53.84,53.84,0
SLUN,16-Sep-2020,9820.45,9980.79,9725.3,9730.24,0
SLUT,16-Sep-2020,16686.71,16893.01,16610.34,16648.85,0
SLV,16-Sep-2020,27.18,27.57,26.99,27.38,389
SML,16-Sep-2020,880.38,894.25,879.75,882.78,522839400
SMPR,16-Sep-2020,1229.94,1235.66,1229.64,1233.5,0
SMRW,16-Sep-2020,6309.44,6431,6309.44,6341.57,0
SMSS,16-Sep-2020,7531.88,7718.67,7531.88,7624.88,0
SMTI,16-Sep-2020,1576.89,1584.22,1576.72,1581.46,0
SMTR,16-Sep-2020,247.91,249.68,247.64,248.77,0
SNAC,16-Sep-2020,344.2,346,344.2,345,0
SNCH,16-Sep-2020,128.52,128.8,128.03,128.26,0
SNCT,16-Sep-2020,171.31,171.47,170.46,170.76,0
SNER,16-Sep-2020,63.47,64.05,63.36,63.91,0
SNNE,16-Sep-2020,3116.44,3151.51,3109.58,3134.86,0
SNNT,16-Sep-2020,4171.16,4210.08,4165.63,4188.69,0
SNRE,16-Sep-2020,1828.03,1861.06,1827.5,1849.97,0
SNRT,16-Sep-2020,70.97,71.58,70.82,71.44,0
SNRU,16-Sep-2020,2150.74,2187.07,2150.74,2174.11,0
SNTE,16-Sep-2020,180.6,181.02,179.86,180.15,0
SNUI,16-Sep-2020,123.73,124.81,123.47,124.56,0
SOBC,16-Sep-2020,42.73,43.48,41.97,42.95,0
SOCC,16-Sep-2020,50.53,51.41,49.69,50.72,0
SP500,16-Sep-2020,3411.23,3428.92,3384.45,3385.49,2843660000
SPAA,16-Sep-2020,78.89,79.47,78.74,79.12,0
SPAB,16-Sep-2020,105.45,106.45,105.44,105.96,0
SPAC,16-Sep-2020,60.78,61.21,60.65,60.94,0
SPAD,16-Sep-2020,1539.85,1551.65,1516.64,1541.83,0
SPEE,16-Sep-2020,142.74,145,142.66,144.07,0
SPER,16-Sep-2020,1633.51,1646.02,1608.88,1635.61,0
SPEY,16-Sep-2020,141.69,143.67,141.67,142.82,0
SPFD,16-Sep-2020,75.75,75.75,39.39,39.39,0
SPFI,16-Sep-2020,57.57,60.6,51.51,51.51,0
SPIN,16-Sep-2020,262.91,264.75,260.12,260.6,0
SPIR,16-Sep-2020,201.25,202.66,199.12,199.48,0
SPLR,16-Sep-2020,725.89,730.95,718.18,719.5,0
SPOF,16-Sep-2020,69.69,69.69,66.66,66.66,0
SPOH,16-Sep-2020,78.78,78.78,75.75,75.75,0
SPPR,16-Sep-2020,777.72,782.79,777.47,780.19,0
SPRL,16-Sep-2020,122.07,122.46,121.44,122.04,0
SPRT,16-Sep-2020,2953.56,2976.19,2909.03,2957.35,0
SPTH,16-Sep-2020,78.78,78.78,75.75,75.75,0
SPTW,16-Sep-2020,42.42,42.42,30.3,30.3,0
SPUS,16-Sep-2020,183.91,185.7,183.76,185.59,0
SPX,16-Sep-2020,3411.23,3428.92,3384.45,3385.49,0
SPXT,16-Sep-2020,7015.21,7051.51,6960.53,6962.29,0
SQTR,16-Sep-2020,3391.51,3414.59,3347.8,3349.35,0
SRFF,16-Sep-2020,107.53,107.53,107.53,107.53,0
SRFI,16-Sep-2020,409.04,418.13,409.04,413.56,382328800
SRIC,16-Sep-2020,4603.65,4623.1,4593.65,4600.11,0
SRIE,16-Sep-2020,4828.68,4867.85,4819.16,4840.08,0
SRMP,16-Sep-2020,1985.87,2016,1985.87,1996.5,0
SRPR,16-Sep-2020,164.91,167.29,164.89,166.17,0
SRTR,16-Sep-2020,487.14,494.73,487.14,489.76,0
SRWI,16-Sep-2020,8234.08,8377.7,8234.08,8283.32,0
SS1E,16-Sep-2020,3146.77,3201.52,3139.77,3165.17,0
SS1J,16-Sep-2020,885.85,940.41,885.85,926.27,0
SS2E,16-Sep-2020,3714.99,3788.6,3714.99,3739.95,0
SS2J,16-Sep-2020,4317.82,4403.31,4317.82,4357.55,0
SS3E,16-Sep-2020,14706.89,14829.3,14680.72,14702.29,0
SS3J,16-Sep-2020,5103.29,5141.32,5082.79,5085,0
SS4E,16-Sep-2020,12813.44,12940.79,12746.76,12752.76,0
SS4J,16-Sep-2020,3446.22,3540.43,3446.03,3494.81,0
SS5E,16-Sep-2020,1492.92,1513.99,1488.97,1503.31,0
SS5J,16-Sep-2020,1132.61,1150.24,1132.23,1132.77,0
SSAE,16-Sep-2020,362.06,362.48,359.26,360.4,0
SSAI,16-Sep-2020,597.25,597.9,592.62,594.51,0
SSAU,16-Sep-2020,417.37,418.6,415.11,416.09,0
SSAX,16-Sep-2020,5585.33,5629.22,5576.63,5617.84,0
SSBE,16-Sep-2020,3136,3153.89,3122.28,3135.83,0
SSBR,16-Sep-2020,2983.75,2996.35,2977.26,2981.44,0
SSCA,16-Sep-2020,336.67,338.96,336.59,338.38,0
SSCB,16-Sep-2020,220.63,221.95,220.49,221.76,0
SSCE,16-Sep-2020,298.53,300.56,298.32,300.08,0
SSCH,16-Sep-2020,687.12,691.39,687,688.84,0
SSCK,16-Sep-2020,289.62,291.48,289.54,290.88,0
SSCL,16-Sep-2020,211.4,214.1,211.2,211.67,0
SSCM,16-Sep-2020,11433.25,11531.8,11382.56,11385.98,0
SSCP,16-Sep-2020,204.66,206.29,204.5,206.13,0
SSCQ,16-Sep-2020,412.51,414.62,410.38,411.72,0
SSCS,16-Sep-2020,367.5,371.06,367.39,370.51,0
SSCU,16-Sep-2020,380.97,383.88,380.41,382.41,0
SSCW,16-Sep-2020,307.22,309.19,307.01,308.5,0
SSDI,16-Sep-2020,13.36,13.48,13.36,13.48,0
SSEN,16-Sep-2020,234.91,237.26,234.78,235.72,0
SSER,16-Sep-2020,262.75,263.45,261.25,261.3,0
SSEW,16-Sep-2020,303.26,307.81,303,307.67,0
SSFB,16-Sep-2020,26.52,26.54,26.42,26.49,0
SSFD,16-Sep-2020,93.54,100,93.54,93.54,0
SSFI,16-Sep-2020,67.74,93.54,67.74,83.87,0
SSGC,16-Sep-2020,261.89,264.65,261.49,264.42,0
SSGD,16-Sep-2020,4304.28,4329.06,4281.64,4283.32,0
SSGE,16-Sep-2020,1169.02,1204.32,1166.07,1194.21,0
SSGF,16-Sep-2020,1177.65,1191.97,1175.21,1183.29,0
SSGG,16-Sep-2020,210.19,213.43,210.03,212.24,0
SSGH,16-Sep-2020,4073.67,4101.65,4068.38,4071.62,0
SSGI,16-Sep-2020,6744.04,6784.89,6662.03,6664.6,0
SSGL,16-Sep-2020,2665.93,2684.86,2659.53,2660.38,0
SSGM,16-Sep-2020,2979.58,3003.18,2975.02,2983.05,0
SSGN,16-Sep-2020,2846.31,2881.69,2842.4,2862.56,0
SSGO,16-Sep-2020,240.32,246.79,240.32,245.83,0
SSGP,16-Sep-2020,175.77,177.62,175.5,177.46,0
SSGR,16-Sep-2020,317.66,321.07,317.24,320.8,0
SSGS,16-Sep-2020,3143.99,3158.49,3134.49,3135.61,0
SSGT,16-Sep-2020,1386.09,1397.25,1376.96,1377.75,0
SSGU,16-Sep-2020,1708.22,1712.85,1699.2,1703.47,0
SSGX,16-Sep-2020,225.14,231.2,225.14,230.31,0
SSGZ,16-Sep-2020,407.11,418.06,407.11,416.44,0
SSHE,16-Sep-2020,1746.96,1762.23,1746.96,1758.62,0
SSHJ,16-Sep-2020,1864.56,1875.76,1864.56,1871.5,0
SSHX,16-Sep-2020,3306.02,3322.45,3277.59,3278.5,0
SSIA,16-Sep-2020,85.73,86.41,85.12,85.7,0
SSIB,16-Sep-2020,25.84,26.05,25.66,25.83,0
SSIC,16-Sep-2020,46.74,47.11,46.41,46.72,0
SSIP,16-Sep-2020,112.09,112.82,111.93,112.72,0
SSIS,16-Sep-2020,116.83,117.59,116.67,117.49,0
SSIT,16-Sep-2020,139.27,140.18,139.08,140.06,0
SSLF,16-Sep-2020,1005.85,1008.72,998.88,1000.5,0
SSLS,16-Sep-2020,257.59,258.26,256.16,256.2,0
SSNI,16-Sep-2020,244,247.85,243.95,245.78,0
SSOF,16-Sep-2020,67.74,83.87,67.74,80.64,0
SSOH,16-Sep-2020,64.51,67.74,64.51,67.74,0
SSPA,16-Sep-2020,1421.08,1428,1413.96,1414.21,0
SSPE,16-Sep-2020,1476.4,1484.04,1474.27,1483.05,0
SSPF,16-Sep-2020,544.22,547.31,539.53,547.12,0
SSPI,16-Sep-2020,2322.06,2357.08,2322.06,2336.1,0
SSPL,16-Sep-2020,1266.52,1273.02,1247.33,1247.84,0
SSPN,16-Sep-2020,7665.87,7707.94,7608.69,7610.64,0
SSPT,16-Sep-2020,783.7,788.8,780.98,786.2,0
SSPU,16-Sep-2020,1519.39,1528.85,1515.21,1526.16,0
SSRF,16-Sep-2020,768.09,771.24,768.09,769.07,0
SSRW,16-Sep-2020,6897.12,7071.69,6897.12,6968.6,0
SSTH,16-Sep-2020,48.38,48.38,48.38,48.38,0
SSTU,16-Sep-2020,436.08,442.23,434.93,439.11,0
SSTW,16-Sep-2020,80.64,87.09,77.41,77.41,0
SSUC,16-Sep-2020,267.16,271.14,266.83,270.99,0
SSUP,16-Sep-2020,47.32,48.04,47.27,48.01,0
SSUT,16-Sep-2020,85.58,86.88,85.5,86.83,0
SSWP,16-Sep-2020,74.4,75.51,74.33,75.48,0
STCE,16-Sep-2020,1086.49,1106.56,1086.06,1097.14,0
STCL,16-Sep-2020,1079.43,1097.58,1078.72,1087.67,0
STFE,16-Sep-2020,1719.8,1740.79,1716.41,1730.61,0
STFU,16-Sep-2020,1706.77,1725.97,1703.72,1715.67,0
STIC,16-Sep-2020,1071.51,1145.62,1071.51,1084.8,0
STIF,16-Sep-2020,1717.43,1736.44,1713.56,1727.49,0
STIL,16-Sep-2020,644.34,668.06,644.34,666.8,0
STIR,16-Sep-2020,2298.44,2319.89,2295.4,2308.1,0
STIS,16-Sep-2020,927.95,939.78,889.88,889.88,0
STMP,16-Sep-2020,129.61,134.3,129.61,132.18,0
STNC,16-Sep-2020,679.53,680.57,678.81,679.46,13494500
STNU,16-Sep-2020,694.86,697.66,694.86,695.53,13555400
STRA,16-Sep-2020,167.38,168.31,167.06,167.09,0
STRB,16-Sep-2020,134.63,135.09,134.49,134.49,0
STRC,16-Sep-2020,149.68,150.35,149.45,149.47,0
STRD,16-Sep-2020,131.37,131.74,131.26,131.26,0
STRL,16-Sep-2020,4335.74,4375.38,4319.78,4333.3,0
STRN,16-Sep-2020,6188.54,6220.57,6140.3,6141.86,0
STRS,16-Sep-2020,119.56,120.14,118.58,120.11,0
STRT,16-Sep-2020,433.13,436.23,431.91,432.04,0
STRU,16-Sep-2020,1514.41,1528.27,1507.74,1508.01,0
STSI,16-Sep-2020,804.28,804.28,762.76,765.47,0
STSU,16-Sep-2020,1418.82,1428.41,1418.82,1423.7,0
STSY,16-Sep-2020,1260.29,1266.75,1260.29,1263.54,0
STTR,16-Sep-2020,2777.04,2788.31,2712.2,2712.23,0
SUCD,16-Sep-2020,488.74,492.88,486.17,486.34,0
SUCS,16-Sep-2020,479.68,482.87,477.08,477.23,0
SUEP,16-Sep-2020,187.32,197.64,187.32,195.05,0
SUFD,16-Sep-2020,78.57,96.42,78.57,92.85,0
SUFI,16-Sep-2020,39.28,46.42,39.28,42.85,0
SUFP,16-Sep-2020,181.24,184.94,180.94,182.93,0
SUHC,16-Sep-2020,495.18,498.75,493.71,494.06,0
SUIP,16-Sep-2020,411.29,419.59,411.29,415.35,0
SUJP,16-Sep-2020,122.14,122.14,121.52,121.7,0
SUKP,16-Sep-2020,1210.55,1213,1200.49,1205.36,0
SUKS,16-Sep-2020,949.89,955.31,945.12,952.52,0
SUMI,16-Sep-2020,376.36,380.95,375.71,376.62,0
SUNI,16-Sep-2020,272.09,277.55,272.01,273.45,0
SUOF,16-Sep-2020,53.57,53.57,53.57,53.57,0
SUOH,16-Sep-2020,50,50,50,50,0
SUPI,16-Sep-2020,378.61,380.45,375.82,377.79,0
SURI,16-Sep-2020,292.19,296.33,292.19,293.38,0
SUTH,16-Sep-2020,35.71,39.28,35.71,39.28,0
SUTP,16-Sep-2020,291.95,293.52,287.45,287.57,0
SUTW,16-Sep-2020,50,67.85,50,57.14,0
SVFD,16-Sep-2020,88.7,90.32,77.41,79.03,0
SVFI,16-Sep-2020,50,54.83,46.77,46.77,0
SVOF,16-Sep-2020,64.51,66.12,62.9,62.9,0
SVOH,16-Sep-2020,82.25,82.25,77.41,77.41,0
SVTH,16-Sep-2020,79.03,80.64,77.41,77.41,0
SVTR,16-Sep-2020,152.75,152.93,151.2,152.75,0
SVTW,16-Sep-2020,56.45,59.67,50,50,0
SW0B,16-Sep-2020,34.93,35.31,34.75,35.16,0
SW0C,16-Sep-2020,85.83,86.36,85.62,86.16,0
SW0D,16-Sep-2020,113.61,114.34,113.37,114.13,0
SW0E,16-Sep-2020,122.94,123.85,122.62,123.56,0
SW0F,16-Sep-2020,150.7,151.72,150.63,151.26,0
SW0G,16-Sep-2020,200.77,202.95,200.69,201.93,0
SW0H,16-Sep-2020,53.57,53.73,53.32,53.6,0
SW0I,16-Sep-2020,190.55,192.43,190.43,191,0
SW1A,16-Sep-2020,58.87,59,58.62,58.78,0
SW1B,16-Sep-2020,435.57,439.02,435.01,438.4,0
SW1C,16-Sep-2020,270.03,271.12,269.9,270.99,0
SW1J,16-Sep-2020,81.82,82.88,81.8,82.66,0
SWFI,16-Sep-2020,970.13,994.62,969.94,982.93,0
SWIB,16-Sep-2020,2902.27,2928.62,2902.27,2928.62,0
SWIT,16-Sep-2020,2984.98,3006.6,2984.39,3006.6,0
SWML,16-Sep-2020,181.46,188.03,181.46,185.21,0
SWSP,16-Sep-2020,187.79,191.97,187.78,191.78,0
SWUB,16-Sep-2020,2833.12,2869.02,2833.12,2835.87,0
SWUL,16-Sep-2020,620.12,628.8,619.49,628.11,0
SWUT,16-Sep-2020,2505.7,2568.24,2505.7,2539.16,0
SXTR,16-Sep-2020,849.51,853.54,843.51,847.68,0
SYFD,16-Sep-2020,78.68,85.24,68.85,68.85,0
SYFI,16-Sep-2020,85.24,88.52,85.24,85.24,0
SYOF,16-Sep-2020,93.44,93.44,91.8,91.8,0
SYOH,16-Sep-2020,91.8,93.44,91.8,91.8,0
SYTH,16-Sep-2020,73.77,77.04,73.77,75.4,0
SYTR,16-Sep-2020,1326.1,1351.09,1326.1,1329.46,0
SYTW,16-Sep-2020,65.57,73.77,60.65,65.57,0
SZTR,16-Sep-2020,4450.03,4473.56,4373.86,4375.88,0
TACK,16-Sep-2020,9993,10460,9534,9903,0
TACX,16-Sep-2020,-7,460,-466,-97,0
TICK,16-Sep-2020,9999,10841,8904,9404,0
TICX,16-Sep-2020,-1,841,-1096,-596,0
TNX,16-Sep-2020,0.66,0.7,0.65,0.68,0
TOOC,16-Sep-2020,19110.47,19111.36,18879.72,18879.72,228994200
TQCK,16-Sep-2020,10002,10694,9018,9545,0
TQCX,16-Sep-2020,2,694,-982,-455,0
TRIA,16-Sep-2020,0.86,2.13,0.75,1.19,0
TRIN,16-Sep-2020,0.33,1.36,0.03,0.71,0
TRIQ,16-Sep-2020,11.25,11.25,0.89,0.95,0
TTCD,16-Sep-2020,194.78,194.78,189.46,189.6,4053700
TTCS,16-Sep-2020,652.24,655.5,641.49,641.59,3896300
TTEN,16-Sep-2020,71.03,73.54,70.56,72.46,51508100
TTFS,16-Sep-2020,273.08,274.76,271.12,271.12,25347700
TTGD,16-Sep-2020,396.37,396.37,389.82,390.59,104361500
TTHC,16-Sep-2020,50.14,51.49,50.14,50.6,6438000
TTIN,16-Sep-2020,305.31,305.95,300.42,300.42,16288600
TTMT,16-Sep-2020,359.81,359.81,355.21,356.18,71801900
TTRE,16-Sep-2020,279.64,282.37,278.93,280.07,15219800
TTTK,16-Sep-2020,161.94,162.13,157.78,157.81,5226700
TTTS,16-Sep-2020,163.01,164.12,161.02,161.02,10848700
TTUT,16-Sep-2020,297.75,299.44,294.75,294.8,7941700
TXBE,16-Sep-2020,162.22,164.07,161.58,163.28,61021300
TXBM,16-Sep-2020,109.87,111.26,109.54,110.65,65898800
TXCT,16-Sep-2020,188.37,189.16,187.4,187.77,6707300
TXCX,16-Sep-2020,16494.83,16495.59,16295.66,16295.66,228994200
TXDC,16-Sep-2020,126.53,126.81,125.29,125.29,154134500
TXDE,16-Sep-2020,292.44,293.66,290.88,291,13727900
TXDV,16-Sep-2020,244.69,245.51,243.41,243.42,67658500
TXEI,16-Sep-2020,93.49,94.19,93.17,93.19,80733300
TXEW,16-Sep-2020,151.87,152.34,150.65,150.65,102282600
TXFO,16-Sep-2020,993.7,993.7,986.36,986.93,126711500
TXGM,16-Sep-2020,104.66,104.66,103.46,103.63,185434100
TXOE,16-Sep-2020,122.35,125.42,121.73,123.85,33377300
TXPR,16-Sep-2020,581.71,582.54,581.6,582.41,1394600
TXSC,16-Sep-2020,109.93,110.39,109.64,110.16,0
TXSI,16-Sep-2020,178.28,178.39,173.82,173.82,23764100
TXSX,16-Sep-2020,986.82,987.5,973.79,973.79,102282600
TXTW,16-Sep-2020,564.26,568.02,561.75,566.14,86345500
TYX,16-Sep-2020,1.41,1.46,1.4,1.44,0
UNCA,16-Sep-2020,8,17,5,16,4031500
UNCC,16-Sep-2020,48,185,48,185,33839900
UNCE,16-Sep-2020,37,70,19,69,115333400
UNCN,16-Sep-2020,77,77,13,50,72066900
UNCQ,16-Sep-2020,147,147,44,94,54430000
UNCS,16-Sep-2020,109,213,109,207,24274000
UNCT,16-Sep-2020,232,232,72,160,130528400
UNCU,16-Sep-2020,295,791,295,769,3971071000
UNCV,16-Sep-2020,168,332,168,332,39813400
UNCX,16-Sep-2020,325,724,325,724,97927400
UOI,16-Sep-2020,28.05,28.79,28.05,28.7,0
UTY,16-Sep-2020,773.77,781.37,773.3,776.09,0
UVCA,16-Sep-2020,0.13,10.87,0.05,4.03,0
UVCC,16-Sep-2020,2.21,36.75,2.21,33.83,0
UVCE,16-Sep-2020,0.29,115.33,0.29,115.33,0
UVCN,16-Sep-2020,2.83,72.06,1.88,72.06,0
UVCQ,16-Sep-2020,1.42,54.43,1.42,54.43,0
UVCS,16-Sep-2020,1.67,43.82,1.67,24.27,0
UVCT,16-Sep-2020,4.39,133.19,4.39,130.52,0
UVCU,16-Sep-2020,112.27,3989.77,112.27,3971.07,0
UVCV,16-Sep-2020,4.41,42.75,4.41,39.81,0
UVCX,16-Sep-2020,8.3,103.29,8.3,97.92,0
VFWA,16-Sep-2020,33.81,43.18,18.52,33.68,0
VFWB,16-Sep-2020,32.65,36.55,28.87,33.41,0
VIX,16-Sep-2020,25.31,26.59,24.84,26.04,0
VWA,16-Sep-2020,25.64,26.84,25.04,26.32,0
VWB,16-Sep-2020,24.97,26.39,24.6,25.74,0
VXB,16-Sep-2020,25.31,26.59,24.84,26.04,0
VXD,16-Sep-2020,23.6,36.7,20.41,22.57,0
VXDE,16-Sep-2020,31.49,31.68,29.45,31.6,0
VXJU,16-Sep-2020,32.37,35.43,27.52,32.57,0
VXMA,16-Sep-2020,31.88,32.54,29.85,32.21,0
VXN,16-Sep-2020,33.79,35.85,33.79,35.48,0
VXO,16-Sep-2020,26.64,28.29,23.89,26.46,0
VXSE,16-Sep-2020,30.62,30.79,28.55,30.55,0
VXV,16-Sep-2020,30.27,30.84,29.78,30.57,0
XAU,16-Sep-2020,157.38,158.01,155.25,156.06,0
XAX,16-Sep-2020,2042.97,2083.33,2035.19,2061.74,0
XDS,16-Sep-2020,110.34,110.44,109.76,109.89,0
XEO,16-Sep-2020,1580.62,1585.34,1563.4,1563.88,0
XOI,16-Sep-2020,657.83,686.83,654.39,676.96,0
XSP,16-Sep-2020,341.12,342.89,338.45,338.55,0
Y0FD,16-Sep-2020,58.48,58.48,52.48,54.04,0
Y0FI,16-Sep-2020,56.39,57.96,54.83,57.44,0
Y0OF,16-Sep-2020,75.71,75.71,73.89,74.15,0
Y0OH,16-Sep-2020,80.67,80.67,79.37,79.89,0
Y0TH,16-Sep-2020,78.06,79.11,77.54,78.32,0
Y0TW,16-Sep-2020,49.86,50.91,48.3,48.82,0
Y1FD,16-Sep-2020,96.15,96.15,92.3,96.15,0
Y1FI,16-Sep-2020,61.53,69.23,57.69,69.23,0
Y1OF,16-Sep-2020,65.38,73.07,61.53,61.53,0
Y1OH,16-Sep-2020,38.46,57.69,38.46,46.15,0
Y1TH,16-Sep-2020,26.92,38.46,26.92,30.76,0
Y1TW,16-Sep-2020,69.23,84.61,69.23,80.76,0
Y2FD,16-Sep-2020,100,100,95.23,100,0
Y2FI,16-Sep-2020,66.66,71.42,61.9,71.42,0
Y2OF,16-Sep-2020,66.66,76.19,61.9,61.9,0
Y2OH,16-Sep-2020,38.09,57.14,38.09,42.85,0
Y2TH,16-Sep-2020,28.57,38.09,28.57,33.33,0
Y2TW,16-Sep-2020,66.66,85.71,66.66,80.95,0
Y3FD,16-Sep-2020,49.13,57.78,48.44,55.01,0
Y3FI,16-Sep-2020,91,92.04,89.61,91.34,0
Y3OF,16-Sep-2020,97.57,97.57,95.84,95.84,0
Y3OH,16-Sep-2020,97.23,97.57,97.23,97.57,0
Y3TH,16-Sep-2020,81.31,84.77,81.31,83.04,0
Y3TW,16-Sep-2020,54.67,57.43,50.51,53.97,0
Y5FD,16-Sep-2020,85.52,85.52,65.15,65.15,0
Y5FI,16-Sep-2020,60.18,62.44,58.37,58.37,0
Y5OF,16-Sep-2020,73.75,74.2,67.87,67.87,0
Y5OH,16-Sep-2020,70.58,73.75,70.58,71.04,0
Y5TH,16-Sep-2020,57.91,59.27,56.1,56.1,0
Y5TW,16-Sep-2020,56.56,58.37,50.22,51.13,0
Y6FD,16-Sep-2020,84.61,84.61,46.15,53.84,0
Y6FI,16-Sep-2020,61.53,61.53,53.84,53.84,0
Y6OF,16-Sep-2020,92.3,92.3,84.61,84.61,0
Y6OH,16-Sep-2020,92.3,92.3,92.3,92.3,0
Y6TH,16-Sep-2020,69.23,69.23,61.53,61.53,0
Y6TW,16-Sep-2020,30.76,30.76,15.38,15.38,0
Y7FD,16-Sep-2020,81.81,90.9,36.36,36.36,0
Y7FI,16-Sep-2020,54.54,54.54,54.54,54.54,0
Y7OF,16-Sep-2020,81.81,81.81,54.54,54.54,0
Y7OH,16-Sep-2020,72.72,81.81,72.72,72.72,0
Y7TH,16-Sep-2020,72.72,81.81,72.72,72.72,0
Y7TW,16-Sep-2020,63.63,72.72,45.45,45.45,0
Y8FD,16-Sep-2020,87.5,93.75,50,87.5,0
Y8FI,16-Sep-2020,25,31.25,25,25,0
Y8OF,16-Sep-2020,25,31.25,25,25,0
Y8OH,16-Sep-2020,25,31.25,25,31.25,0
Y8TH,16-Sep-2020,12.5,12.5,12.5,12.5,0
Y8TW,16-Sep-2020,12.5,12.5,6.25,12.5,0
Y9FD,16-Sep-2020,80,92,52,52,0
Y9FI,16-Sep-2020,68,76,60,72,0
Y9OF,16-Sep-2020,80,88,80,80,0
Y9OH,16-Sep-2020,76,80,72,76,0
Y9TH,16-Sep-2020,36,36,36,36,0
Y9TW,16-Sep-2020,36,60,32,48,0
YAFD,16-Sep-2020,92.5,92.5,65,70,0
YAFI,16-Sep-2020,72.5,75,62.5,70,0
YAOF,16-Sep-2020,97.5,97.5,90,92.5,0
YAOH,16-Sep-2020,100,100,100,100,0
YATH,16-Sep-2020,100,100,100,100,0
YATW,16-Sep-2020,85,85,75,75,0
YBFD,16-Sep-2020,88.88,100,88.88,88.88,0
YBFI,16-Sep-2020,33.33,33.33,33.33,33.33,0
YBOF,16-Sep-2020,33.33,33.33,33.33,33.33,0
YBOH,16-Sep-2020,33.33,33.33,33.33,33.33,0
YBTH,16-Sep-2020,11.11,22.22,11.11,11.11,0
YBTW,16-Sep-2020,77.77,77.77,77.77,77.77,0
YCFD,16-Sep-2020,75,78.57,46.42,53.57,0
YCFI,16-Sep-2020,57.14,64.28,53.57,53.57,0
YCOF,16-Sep-2020,71.42,75,71.42,71.42,0
YCOH,16-Sep-2020,71.42,75,71.42,71.42,0
YCTH,16-Sep-2020,67.85,67.85,64.28,64.28,0
YCTW,16-Sep-2020,57.14,57.14,46.42,50,0
YDFD,16-Sep-2020,92,92,74,76,0
YDFI,16-Sep-2020,80,80,74,78,0
YDOF,16-Sep-2020,96,96,90,92,0
YDOH,16-Sep-2020,100,100,100,100,0
YDTH,16-Sep-2020,96,96,94,94,0
YDTW,16-Sep-2020,86,86,74,74,0
YEFD,16-Sep-2020,92.59,96.29,85.18,92.59,0
YEFI,16-Sep-2020,66.66,74.07,62.96,74.07,0
YEOF,16-Sep-2020,70.37,77.77,66.66,66.66,0
YEOH,16-Sep-2020,48.14,66.66,48.14,55.55,0
YETH,16-Sep-2020,40.74,48.14,40.74,44.44,0
YETW,16-Sep-2020,70.37,85.18,70.37,81.48,0
YFFD,16-Sep-2020,56.25,56.25,6.25,6.25,0
YFFI,16-Sep-2020,12.5,12.5,6.25,6.25,0
YFOF,16-Sep-2020,56.25,56.25,31.25,31.25,0
YFOH,16-Sep-2020,81.25,87.5,75,75,0
YFTH,16-Sep-2020,75,75,75,75,0
YFTW,16-Sep-2020,6.25,12.5,0.01,0.01,0
YGFD,16-Sep-2020,75,75,50,50,0
YGFI,16-Sep-2020,75,75,62.5,62.5,0
YGOF,16-Sep-2020,62.5,75,62.5,62.5,0
YGOH,16-Sep-2020,50,50,50,50,0
YGTH,16-Sep-2020,50,50,37.5,37.5,0
YGTW,16-Sep-2020,50,50,25,25,0
YHFD,16-Sep-2020,93.75,100,62.5,62.5,0
YHFI,16-Sep-2020,62.5,68.75,50,50,0
YHOF,16-Sep-2020,81.25,81.25,62.5,62.5,0
YHOH,16-Sep-2020,68.75,68.75,56.25,56.25,0
YHTH,16-Sep-2020,50,50,43.75,43.75,0
YHTW,16-Sep-2020,75,75,50,56.25,0
YIFD,16-Sep-2020,84,84,60,62,0
YIFI,16-Sep-2020,60,64,58,58,0
YIOF,16-Sep-2020,74,76,68,70,0
YIOH,16-Sep-2020,68,74,68,72,0
YITH,16-Sep-2020,44,46,44,44,0
YITW,16-Sep-2020,50,50,40,42,0
YJFD,16-Sep-2020,82.6,95.65,82.6,82.6,0
YJFI,16-Sep-2020,73.91,82.6,73.91,78.26,0
YJOF,16-Sep-2020,91.3,91.3,91.3,91.3,0
YJOH,16-Sep-2020,95.65,95.65,95.65,95.65,0
YJTH,16-Sep-2020,82.6,82.6,82.6,82.6,0
YJTW,16-Sep-2020,69.56,69.56,65.21,69.56,0
YKFD,16-Sep-2020,79.16,91.66,79.16,83.33,0
YKFI,16-Sep-2020,70.83,79.16,70.83,75,0
YKOF,16-Sep-2020,87.5,87.5,87.5,87.5,0
YKOH,16-Sep-2020,91.66,91.66,91.66,91.66,0
YKTH,16-Sep-2020,83.33,83.33,83.33,83.33,0
YKTW,16-Sep-2020,62.5,70.83,62.5,70.83,0
YLFD,16-Sep-2020,85.52,85.52,65.15,65.15,0
YLFI,16-Sep-2020,60.18,62.44,58.37,58.37,0
YLOF,16-Sep-2020,73.75,74.2,67.87,67.87,0
YLOH,16-Sep-2020,70.58,73.75,70.58,71.04,0
YLTH,16-Sep-2020,57.91,59.27,56.1,56.1,0
YLTW,16-Sep-2020,56.56,58.37,50.22,51.13,0
YMFD,16-Sep-2020,88.88,94.44,66.66,83.33,0
YMFI,16-Sep-2020,72.22,72.22,61.11,61.11,0
YMOF,16-Sep-2020,88.88,94.44,88.88,94.44,0
YMOH,16-Sep-2020,88.88,94.44,88.88,88.88,0
YMTH,16-Sep-2020,72.22,77.77,61.11,61.11,0
YMTW,16-Sep-2020,66.66,72.22,61.11,66.66,0
YNFD,16-Sep-2020,85.52,85.52,65.15,65.15,0
YNFI,16-Sep-2020,60.18,62.44,58.37,58.37,0
YNOF,16-Sep-2020,73.75,74.2,67.87,67.87,0
YNOH,16-Sep-2020,70.58,73.75,70.58,71.04,0
YNTH,16-Sep-2020,57.91,59.27,56.1,56.1,0
YNTW,16-Sep-2020,56.56,58.37,50.22,51.13,0
YOFD,16-Sep-2020,86.5,88.34,64.41,64.41,0
YOFI,16-Sep-2020,61.96,65.64,60.73,60.73,0
YOOF,16-Sep-2020,74.84,76.68,69.93,69.93,0
YOOH,16-Sep-2020,69.93,74.23,69.93,70.55,0
YOTH,16-Sep-2020,55.82,57.66,53.37,53.37,0
YOTW,16-Sep-2020,57.66,60.73,50.92,51.53,0
YPFD,16-Sep-2020,71.42,85.71,14.28,14.28,0
YPFI,16-Sep-2020,85.71,85.71,85.71,85.71,0
YPOF,16-Sep-2020,85.71,85.71,85.71,85.71,0
YPOH,16-Sep-2020,71.42,71.42,71.42,71.42,0
YPTH,16-Sep-2020,42.85,42.85,42.85,42.85,0
YPTW,16-Sep-2020,57.14,57.14,57.14,57.14,0
YQFD,16-Sep-2020,82.71,90.12,56.79,56.79,0
YQFI,16-Sep-2020,61.72,65.43,60.49,60.49,0
YQOF,16-Sep-2020,74.07,76.54,65.43,65.43,0
YQOH,16-Sep-2020,70.37,75.3,70.37,70.37,0
YQTH,16-Sep-2020,55.55,59.25,53.08,53.08,0
YQTW,16-Sep-2020,53.08,58.02,46.91,48.14,0
YRFD,16-Sep-2020,88,94.66,73.33,73.33,0
YRFI,16-Sep-2020,68,73.33,65.33,66.66,0
YROF,16-Sep-2020,74.66,78.66,70.66,70.66,0
YROH,16-Sep-2020,64,72,64,65.33,0
YRTH,16-Sep-2020,40,44,37.33,37.33,0
YRTW,16-Sep-2020,57.33,65.33,53.33,53.33,0
YSFD,16-Sep-2020,88.33,90,50,50,0
YSFI,16-Sep-2020,58.33,63.33,53.33,53.33,0
YSOF,16-Sep-2020,70,71.66,60,60,0
YSOH,16-Sep-2020,66.66,70,65,65,0
YSTH,16-Sep-2020,51.66,53.33,45,45,0
YSTW,16-Sep-2020,56.66,60,43.33,43.33,0
YTFD,16-Sep-2020,84.47,84.47,70.8,70.8,0
YTFI,16-Sep-2020,60.86,63.35,60.24,60.24,0
YTOF,16-Sep-2020,75.15,75.15,70.8,70.8,0
YTOH,16-Sep-2020,72.04,75.77,72.04,73.29,0
YTTH,16-Sep-2020,60.24,61.49,59.62,60.24,0
YTTW,16-Sep-2020,56.52,58.38,52.17,54.03,0
YUFD,16-Sep-2020,96.77,96.77,67.74,70.96,0
YUFI,16-Sep-2020,70.96,74.19,61.29,70.96,0
YUOF,16-Sep-2020,96.77,96.77,90.32,93.54,0
YUOH,16-Sep-2020,100,100,100,100,0
YUTH,16-Sep-2020,100,100,100,100,0
YUTW,16-Sep-2020,87.09,87.09,74.19,74.19,0
YVFD,16-Sep-2020,89.47,89.47,76.31,78.94,0
YVFI,16-Sep-2020,76.31,78.94,71.05,75,0
YVOF,16-Sep-2020,93.42,93.42,89.47,90.78,0
YVOH,16-Sep-2020,96.05,96.05,96.05,96.05,0
YVTH,16-Sep-2020,93.42,93.42,93.42,93.42,0
YVTW,16-Sep-2020,78.94,80.26,72.36,75,0
YWFD,16-Sep-2020,88,88,68,72,0
YWFI,16-Sep-2020,52,58,50,56,0
YWOF,16-Sep-2020,66,70,64,66,0
YWOH,16-Sep-2020,60,66,60,64,0
YWTH,16-Sep-2020,40,40,40,40,0
YWTW,16-Sep-2020,44,48,36,40,0
YXFD,16-Sep-2020,87.5,100,56.25,81.25,0
YXFI,16-Sep-2020,31.25,37.5,31.25,31.25,0
YXOF,16-Sep-2020,31.25,37.5,31.25,31.25,0
YXOH,16-Sep-2020,31.25,50,31.25,43.75,0
YXTH,16-Sep-2020,18.75,18.75,18.75,18.75,0
YXTW,16-Sep-2020,6.25,18.75,6.25,6.25,0
YYFD,16-Sep-2020,73.33,76.66,50,56.66,0
YYFI,16-Sep-2020,53.33,63.33,53.33,56.66,0
YYOF,16-Sep-2020,66.66,70,66.66,66.66,0
YYOH,16-Sep-2020,66.66,70,66.66,66.66,0
YYTH,16-Sep-2020,63.33,63.33,60,60,0
YYTW,16-Sep-2020,56.66,56.66,50,53.33,0
YZFD,16-Sep-2020,86,88,40,40,0
YZFI,16-Sep-2020,54,54,42,42,0
YZOF,16-Sep-2020,68,70,52,52,0
YZOH,16-Sep-2020,68,72,66,66,0
YZTH,16-Sep-2020,60,62,58,58,0
YZTW,16-Sep-2020,54,56,36,36,0
Z0FD,16-Sep-2020,87.5,100,62.5,75,0
Z0FI,16-Sep-2020,12.5,12.5,12.5,12.5,0
Z0OF,16-Sep-2020,12.5,25,12.5,12.5,0
Z0OH,16-Sep-2020,12.5,25,12.5,25,0
Z0TH,16-Sep-2020,0.01,0.01,0.01,0.01,0
Z0TW,16-Sep-2020,0.01,12.5,0.01,0.01,0
Z1FD,16-Sep-2020,45.92,56.22,43.34,56.22,0
Z1FI,16-Sep-2020,91.84,93.99,90.98,93.13,0
Z1OF,16-Sep-2020,98.28,98.28,96.99,96.99,0
Z1OH,16-Sep-2020,97.42,97.85,97.42,97.85,0
Z1TH,16-Sep-2020,80.68,84.97,80.25,82.83,0
Z1TW,16-Sep-2020,54.07,56.22,48.06,54.5,0
Z2FD,16-Sep-2020,88.33,90,50,50,0
Z2FI,16-Sep-2020,58.33,63.33,53.33,53.33,0
Z2OF,16-Sep-2020,70,71.66,60,60,0
Z2OH,16-Sep-2020,66.66,70,65,65,0
Z2TH,16-Sep-2020,51.66,53.33,45,45,0
Z2TW,16-Sep-2020,56.66,60,43.33,43.33,0
Z3FD,16-Sep-2020,88.33,90,50,50,0
Z3FI,16-Sep-2020,58.33,63.33,53.33,53.33,0
Z3OF,16-Sep-2020,70,71.66,60,60,0
Z3OH,16-Sep-2020,66.66,70,65,65,0
Z3TH,16-Sep-2020,51.66,53.33,45,45,0
Z3TW,16-Sep-2020,56.66,60,43.33,43.33,0
Z5FD,16-Sep-2020,76.43,76.43,70.68,72.77,0
Z5FI,16-Sep-2020,61.25,63.87,59.68,61.78,0
Z5OF,16-Sep-2020,71.2,73.29,70.15,72.77,0
Z5OH,16-Sep-2020,69.63,71.2,69.1,69.63,0
Z5TH,16-Sep-2020,54.97,57.06,54.45,54.45,0
Z5TW,16-Sep-2020,45.54,48.69,45.02,46.59,0
Z6FD,16-Sep-2020,79.06,81.39,74.41,79.06,0
Z6FI,16-Sep-2020,56.97,62.79,54.65,60.46,0
Z6OF,16-Sep-2020,73.25,76.74,72.09,76.74,0
Z6OH,16-Sep-2020,69.76,70.93,67.44,67.44,0
Z6TH,16-Sep-2020,50,52.32,47.67,47.67,0
Z6TW,16-Sep-2020,46.51,50,44.18,48.83,0
Z7FD,16-Sep-2020,47.82,69.56,43.47,56.52,0
Z7FI,16-Sep-2020,17.39,17.39,17.39,17.39,0
Z7OF,16-Sep-2020,26.08,26.08,26.08,26.08,0
Z7OH,16-Sep-2020,21.73,26.08,21.73,26.08,0
Z7TH,16-Sep-2020,21.73,26.08,21.73,26.08,0
Z7TW,16-Sep-2020,34.78,43.47,34.78,39.13,0
Z8FD,16-Sep-2020,42.85,71.42,42.85,64.28,0
Z8FI,16-Sep-2020,14.28,14.28,14.28,14.28,0
Z8OF,16-Sep-2020,21.42,21.42,21.42,21.42,0
Z8OH,16-Sep-2020,14.28,21.42,14.28,21.42,0
Z8TH,16-Sep-2020,14.28,21.42,14.28,21.42,0
Z8TW,16-Sep-2020,35.71,50,35.71,42.85,0
Z9FD,16-Sep-2020,87.71,89.47,47.36,47.36,0
Z9FI,16-Sep-2020,59.64,64.91,54.38,54.38,0
Z9OF,16-Sep-2020,71.92,73.68,61.4,61.4,0
Z9OH,16-Sep-2020,68.42,71.92,66.66,68.42,0
Z9TH,16-Sep-2020,52.63,54.38,47.36,47.36,0
Z9TW,16-Sep-2020,56.14,59.64,42.1,42.1,0
ZAFD,16-Sep-2020,87.71,89.47,47.36,47.36,0
ZAFI,16-Sep-2020,59.64,63.15,52.63,52.63,0
ZAOF,16-Sep-2020,70.17,71.92,59.64,59.64,0
ZAOH,16-Sep-2020,68.42,70.17,64.91,66.66,0
ZATH,16-Sep-2020,52.63,54.38,47.36,47.36,0
ZATW,16-Sep-2020,56.14,59.64,42.1,42.1,0
ZBFD,16-Sep-2020,90,90,58.88,58.88,0
ZBFI,16-Sep-2020,62.22,64.44,56.66,57.77,0
ZBOF,16-Sep-2020,76.66,78.88,67.77,67.77,0
ZBOH,16-Sep-2020,70,75.55,68.88,68.88,0
ZBTH,16-Sep-2020,53.33,55.55,48.88,48.88,0
ZBTW,16-Sep-2020,57.77,60,45.55,45.55,0
ZCFD,16-Sep-2020,85.48,85.48,63.97,63.97,0
ZCFI,16-Sep-2020,58.6,61.82,56.98,56.98,0
ZCOF,16-Sep-2020,72.04,73.11,66.12,66.12,0
ZCOH,16-Sep-2020,67.74,71.5,67.74,68.27,0
ZCTH,16-Sep-2020,55.37,56.45,52.68,52.68,0
ZCTW,16-Sep-2020,55.37,57.52,50,50,0
